fiveTuple,srcIP,dstIP,protocol,srcPort,dstPort,flowDuration,flowLength,fwdFlowLength,bwdFlowLength,packetSizeTotal,packetSizeMean,packetSizeStd,packetSizeMin,packetSizeMax,fwdPacketSizeTotal,bwdPacketSizeTotal,fwdPacketSizeMean,bwdPacketSizeMean,fwdPacketSizeStd,bwdPacketSizeStd,fwdPacketSizeMin,bwdPacketSizeMin,fwdPacketSizeMax,bwdPacketSizeMax,IATMean,IATStd,IATMin,IATMax,fwdIATTotal,bwdIATTotal,fwdIATMean,bwdIATMean,fwdIATStd,bwdIATStd,fwdIATMin,bwdIATMin,fwdIATMax,bwdIATMax,Type
198.199.96.210--138.68.177.159--TCP--38792--8080(http-alt),138.68.177.159,198.199.96.210,TCP,8080(http-alt),38792,6439342000.0,50.0,0.0,50.0,8750.0,175.0,0.0,175.0,175.0,0.0,8750.0,175.0,175.0,0.0,0.0,0.0,175.0,0.0,175.0,131415000.0,2480000.0,129564000.0,143476000.0,0.0,6439342000.0,0.0,131415000.0,0.0,2480000.0,0.0,129564000.0,0.0,143476000.0,Malicious
138.68.177.159--198.199.96.210--TCP--8080(http-alt)--55376,198.199.96.210,138.68.177.159,TCP,55376,8080(http-alt),1545790000.0,27.0,0.0,27.0,5377.0,199.148148,160.59835,66.0,399.0,0.0,5377.0,199.148148,199.148148,0.0,160.59835,0.0,66.0,0.0,399.0,59453000.0,61349000.0,880000.0,135112000.0,0.0,1545790000.0,0.0,59453000.0,0.0,61349000.0,0.0,880000.0,0.0,135112000.0,Malicious
138.68.177.159--198.199.96.210--TCP--8080(http-alt)--55066,198.199.96.210,138.68.177.159,TCP,55066,8080(http-alt),3899099000.0,83.0,0.0,83.0,15260.0,183.855422,156.664336,66.0,408.0,0.0,15260.0,183.855422,183.855422,0.0,156.664336,0.0,66.0,0.0,408.0,47549000.0,62141000.0,4000.0,143756000.0,0.0,3899099000.0,0.0,47549000.0,0.0,62141000.0,0.0,4000.0,0.0,143756000.0,Malicious
198.199.96.210--138.68.177.159--TCP--58944--8080(http-alt),138.68.177.159,198.199.96.210,TCP,8080(http-alt),58944,391527000.0,19.0,0.0,19.0,45987.0,2420.368421,1029.890501,66.0,2962.0,0.0,45987.0,2420.368421,2420.368421,0.0,1029.890501,0.0,66.0,0.0,2962.0,21751000.0,41029000.0,1000.0,132102000.0,0.0,391527000.0,0.0,21751000.0,0.0,41029000.0,0.0,1000.0,0.0,132102000.0,Malicious
138.68.177.159--198.199.96.210--TCP--8080(http-alt)--36876,198.199.96.210,138.68.177.159,TCP,36876,8080(http-alt),4595557000.0,83.0,0.0,83.0,16595.0,199.939759,160.811747,66.0,402.0,0.0,16595.0,199.939759,199.939759,0.0,160.811747,0.0,66.0,0.0,402.0,56043000.0,64285000.0,6000.0,148761000.0,0.0,4595557000.0,0.0,56043000.0,0.0,64285000.0,0.0,6000.0,0.0,148761000.0,Malicious
198.199.96.210--138.68.177.159--TCP--38724--8080(http-alt),138.68.177.159,198.199.96.210,TCP,8080(http-alt),38724,6448086000.0,50.0,0.0,50.0,8750.0,175.0,0.0,175.0,175.0,0.0,8750.0,175.0,175.0,0.0,0.0,0.0,175.0,0.0,175.0,131593000.0,3341000.0,129759000.0,148591000.0,0.0,6448086000.0,0.0,131593000.0,0.0,3341000.0,0.0,129759000.0,0.0,148591000.0,Malicious
198.199.96.210--138.68.177.159--TCP--55606--8080(http-alt),138.68.177.159,198.199.96.210,TCP,8080(http-alt),55606,915612000.0,83.0,0.0,83.0,203374.0,2450.289157,1019.450319,66.0,2962.0,0.0,203374.0,2450.289157,2450.289157,0.0,1019.450319,0.0,66.0,0.0,2962.0,11166000.0,33912000.0,1000.0,132401000.0,0.0,915612000.0,0.0,11166000.0,0.0,33912000.0,0.0,1000.0,0.0,132401000.0,Malicious
138.68.177.159--198.199.96.210--TCP--8080(http-alt)--40182,198.199.96.210,138.68.177.159,TCP,40182,8080(http-alt),1219497000.0,25.0,0.0,25.0,4606.0,184.24,157.703083,66.0,412.0,0.0,4606.0,184.24,184.24,0.0,157.703083,0.0,66.0,0.0,412.0,50812000.0,62390000.0,9000.0,137791000.0,0.0,1219497000.0,0.0,50812000.0,0.0,62390000.0,0.0,9000.0,0.0,137791000.0,Malicious
198.199.96.210--138.68.177.159--TCP--58870--8080(http-alt),138.68.177.159,198.199.96.210,TCP,8080(http-alt),58870,933733000.0,83.0,0.0,83.0,193386.0,2329.951807,1118.803512,66.0,2962.0,0.0,193386.0,2329.951807,2329.951807,0.0,1118.803512,0.0,66.0,0.0,2962.0,11386000.0,34648000.0,1000.0,140414000.0,0.0,933733000.0,0.0,11386000.0,0.0,34648000.0,0.0,1000.0,0.0,140414000.0,Malicious
198.199.96.210--138.68.177.159--TCP--58658--8080(http-alt),138.68.177.159,198.199.96.210,TCP,8080(http-alt),58658,544939000.0,83.0,0.0,83.0,193066.0,2326.096386,1129.907914,103.0,2962.0,0.0,193066.0,2326.096386,2326.096386,0.0,1129.907914,0.0,103.0,0.0,2962.0,6645000.0,29332000.0,2000.0,147693000.0,0.0,544939000.0,0.0,6645000.0,0.0,29332000.0,0.0,2000.0,0.0,147693000.0,Malicious
138.68.177.159--198.199.96.210--TCP--8080(http-alt)--43138,198.199.96.210,138.68.177.159,TCP,43138,8080(http-alt),4302005000.0,83.0,0.0,83.0,15997.0,192.73494,160.001889,66.0,401.0,0.0,15997.0,192.73494,192.73494,0.0,160.001889,0.0,66.0,0.0,401.0,52463000.0,63605000.0,6000.0,146644000.0,0.0,4302005000.0,0.0,52463000.0,0.0,63605000.0,0.0,6000.0,0.0,146644000.0,Malicious
198.199.96.210--138.68.177.159--TCP--38222--8080(http-alt),138.68.177.159,198.199.96.210,TCP,8080(http-alt),38222,537561000.0,83.0,0.0,83.0,193066.0,2326.096386,1129.907914,103.0,2962.0,0.0,193066.0,2326.096386,2326.096386,0.0,1129.907914,0.0,103.0,0.0,2962.0,6555000.0,28832000.0,2000.0,137392000.0,0.0,537561000.0,0.0,6555000.0,0.0,28832000.0,0.0,2000.0,0.0,137392000.0,Malicious
138.68.177.159--198.199.96.210--TCP--8080(http-alt)--50066,198.199.96.210,138.68.177.159,TCP,50066,8080(http-alt),4029144000.0,83.0,0.0,83.0,15284.0,184.144578,157.036879,66.0,399.0,0.0,15284.0,184.144578,184.144578,0.0,157.036879,0.0,66.0,0.0,399.0,49135000.0,62691000.0,3000.0,136337000.0,0.0,4029144000.0,0.0,49135000.0,0.0,62691000.0,0.0,3000.0,0.0,136337000.0,Malicious
138.68.177.159--198.199.96.210--TCP--8080(http-alt)--38292,198.199.96.210,138.68.177.159,TCP,38292,8080(http-alt),3040352000.0,83.0,0.0,83.0,12336.0,148.626506,141.763481,66.0,403.0,0.0,12336.0,148.626506,148.626506,0.0,141.763481,0.0,66.0,0.0,403.0,37077000.0,57453000.0,3000.0,136062000.0,0.0,3040352000.0,0.0,37077000.0,0.0,57453000.0,0.0,3000.0,0.0,136062000.0,Malicious
138.68.177.159--198.199.96.210--TCP--8080(http-alt)--40386,198.199.96.210,138.68.177.159,TCP,40386,8080(http-alt),3711707000.0,83.0,0.0,83.0,14648.0,176.481928,154.860323,66.0,408.0,0.0,14648.0,176.481928,176.481928,0.0,154.860323,0.0,66.0,0.0,408.0,45264000.0,61409000.0,3000.0,133561000.0,0.0,3711707000.0,0.0,45264000.0,0.0,61409000.0,0.0,3000.0,0.0,133561000.0,Malicious
138.68.177.159--198.199.96.210--TCP--8080(http-alt)--58650,198.199.96.210,138.68.177.159,TCP,58650,8080(http-alt),3231285000.0,70.0,0.0,70.0,12471.0,178.157143,155.284406,66.0,400.0,0.0,12471.0,178.157143,178.157143,0.0,155.284406,0.0,66.0,0.0,400.0,46830000.0,62045000.0,3000.0,143315000.0,0.0,3231285000.0,0.0,46830000.0,0.0,62045000.0,0.0,3000.0,0.0,143315000.0,Malicious
198.199.96.210--138.68.177.159--TCP--38328--8080(http-alt),138.68.177.159,198.199.96.210,TCP,8080(http-alt),38328,924400000.0,83.0,0.0,83.0,193074.0,2326.192771,1125.857408,66.0,2962.0,0.0,193074.0,2326.192771,2326.192771,0.0,1125.857408,0.0,66.0,0.0,2962.0,11273000.0,34175000.0,1000.0,136064000.0,0.0,924400000.0,0.0,11273000.0,0.0,34175000.0,0.0,1000.0,0.0,136064000.0,Malicious
138.68.177.159--198.199.96.210--TCP--8080(http-alt)--58648,198.199.96.210,138.68.177.159,TCP,58648,8080(http-alt),3106530000.0,70.0,0.0,70.0,12141.0,173.442857,153.597864,66.0,400.0,0.0,12141.0,173.442857,173.442857,0.0,153.597864,0.0,66.0,0.0,400.0,45022000.0,61151000.0,4000.0,141824000.0,0.0,3106530000.0,0.0,45022000.0,0.0,61151000.0,0.0,4000.0,0.0,141824000.0,Malicious
138.68.177.159--198.199.96.210--TCP--8080(http-alt)--58658,198.199.96.210,138.68.177.159,TCP,58658,8080(http-alt),3742305000.0,68.0,0.0,68.0,13645.0,200.661765,160.961688,66.0,400.0,0.0,13645.0,200.661765,200.661765,0.0,160.961688,0.0,66.0,0.0,400.0,55855000.0,63861000.0,3000.0,142695000.0,0.0,3742305000.0,0.0,55855000.0,0.0,63861000.0,0.0,3000.0,0.0,142695000.0,Malicious
198.199.96.210--138.68.177.159--TCP--58900--8080(http-alt),138.68.177.159,198.199.96.210,TCP,8080(http-alt),58900,919033000.0,83.0,0.0,83.0,193386.0,2329.951807,1118.803512,66.0,2962.0,0.0,193386.0,2329.951807,2329.951807,0.0,1118.803512,0.0,66.0,0.0,2962.0,11207000.0,34227000.0,1000.0,134333000.0,0.0,919033000.0,0.0,11207000.0,0.0,34227000.0,0.0,1000.0,0.0,134333000.0,Malicious
198.199.96.210--138.68.177.159--TCP--55064--8080(http-alt),138.68.177.159,198.199.96.210,TCP,8080(http-alt),55064,531108000.0,83.0,0.0,83.0,193066.0,2326.096386,1129.907914,103.0,2962.0,0.0,193066.0,2326.096386,2326.096386,0.0,1129.907914,0.0,103.0,0.0,2962.0,6476000.0,28547000.0,4000.0,134437000.0,0.0,531108000.0,0.0,6476000.0,0.0,28547000.0,0.0,4000.0,0.0,134437000.0,Malicious
138.68.177.159--198.199.96.210--TCP--8080(http-alt)--55358,198.199.96.210,138.68.177.159,TCP,55358,8080(http-alt),681309000.0,16.0,0.0,16.0,2680.0,167.5,150.554807,66.0,393.0,0.0,2680.0,167.5,167.5,0.0,150.554807,0.0,66.0,0.0,393.0,45420000.0,59494000.0,77000.0,131724000.0,0.0,681309000.0,0.0,45420000.0,0.0,59494000.0,0.0,77000.0,0.0,131724000.0,Malicious
198.199.96.210--138.68.177.159--TCP--38028--8080(http-alt),138.68.177.159,198.199.96.210,TCP,8080(http-alt),38028,398395000.0,62.0,0.0,62.0,138286.0,2230.419355,1192.237197,66.0,2962.0,0.0,138286.0,2230.419355,2230.419355,0.0,1192.237197,0.0,66.0,0.0,2962.0,6531000.0,28641000.0,6000.0,133387000.0,0.0,398395000.0,0.0,6531000.0,0.0,28641000.0,0.0,6000.0,0.0,133387000.0,Malicious
138.68.177.159--198.199.96.210--TCP--8080(http-alt)--40430,198.199.96.210,138.68.177.159,TCP,40430,8080(http-alt),3364002000.0,83.0,0.0,83.0,12365.0,148.975904,142.373171,66.0,408.0,0.0,12365.0,148.975904,148.975904,0.0,142.373171,0.0,66.0,0.0,408.0,41024000.0,58939000.0,4000.0,136551000.0,0.0,3364002000.0,0.0,41024000.0,0.0,58939000.0,0.0,4000.0,0.0,136551000.0,Malicious
198.199.96.210--138.68.177.159--TCP--38076--8080(http-alt),138.68.177.159,198.199.96.210,TCP,8080(http-alt),38076,535647000.0,83.0,0.0,83.0,193066.0,2326.096386,1129.907914,103.0,2962.0,0.0,193066.0,2326.096386,2326.096386,0.0,1129.907914,0.0,103.0,0.0,2962.0,6532000.0,28782000.0,1000.0,135049000.0,0.0,535647000.0,0.0,6532000.0,0.0,28782000.0,0.0,1000.0,0.0,135049000.0,Malicious
138.68.177.159--198.199.96.210--TCP--8080(http-alt)--50048,198.199.96.210,138.68.177.159,TCP,50048,8080(http-alt),4022205000.0,83.0,0.0,83.0,15279.0,184.084337,156.95669,66.0,396.0,0.0,15279.0,184.084337,184.084337,0.0,156.95669,0.0,66.0,0.0,396.0,49051000.0,62237000.0,4000.0,135683000.0,0.0,4022205000.0,0.0,49051000.0,0.0,62237000.0,0.0,4000.0,0.0,135683000.0,Malicious
198.199.96.210--138.68.177.159--TCP--58904--8080(http-alt),138.68.177.159,198.199.96.210,TCP,8080(http-alt),58904,919783000.0,83.0,0.0,83.0,193386.0,2329.951807,1118.803512,66.0,2962.0,0.0,193386.0,2329.951807,2329.951807,0.0,1118.803512,0.0,66.0,0.0,2962.0,11216000.0,34090000.0,2000.0,133943000.0,0.0,919783000.0,0.0,11216000.0,0.0,34090000.0,0.0,2000.0,0.0,133943000.0,Malicious
138.68.177.159--198.199.96.210--TCP--8080(http-alt)--5286,198.199.96.210,138.68.177.159,TCP,5286,8080(http-alt),3880450000.0,83.0,0.0,83.0,15313.0,184.493976,157.503978,66.0,398.0,0.0,15313.0,184.493976,184.493976,0.0,157.503978,0.0,66.0,0.0,398.0,47322000.0,62293000.0,4000.0,148979000.0,0.0,3880450000.0,0.0,47322000.0,0.0,62293000.0,0.0,4000.0,0.0,148979000.0,Malicious
138.68.177.159--198.199.96.210--TCP--8080(http-alt)--37038,198.199.96.210,138.68.177.159,TCP,37038,8080(http-alt),3314954000.0,83.0,0.0,83.0,12998.0,156.60241,146.129167,66.0,398.0,0.0,12998.0,156.60241,156.60241,0.0,146.129167,0.0,66.0,0.0,398.0,40426000.0,58896000.0,10000.0,132983000.0,0.0,3314954000.0,0.0,40426000.0,0.0,58896000.0,0.0,10000.0,0.0,132983000.0,Malicious
198.199.96.210--138.68.177.159--TCP--38774--8080(http-alt),138.68.177.159,198.199.96.210,TCP,8080(http-alt),38774,6440646000.0,50.0,0.0,50.0,8750.0,175.0,0.0,175.0,175.0,0.0,8750.0,175.0,175.0,0.0,0.0,0.0,175.0,0.0,175.0,131441000.0,3012000.0,129650000.0,145220000.0,0.0,6440646000.0,0.0,131441000.0,0.0,3012000.0,0.0,129650000.0,0.0,145220000.0,Malicious
138.68.177.159--198.199.96.210--TCP--8080(http-alt)--38796,198.199.96.210,138.68.177.159,TCP,38796,8080(http-alt),6437885000.0,51.0,0.0,51.0,17873.0,350.45098,40.760089,66.0,373.0,0.0,17873.0,350.45098,350.45098,0.0,40.760089,0.0,66.0,0.0,373.0,128757000.0,3684000.0,50000.0,144971000.0,0.0,6437885000.0,0.0,128757000.0,0.0,3684000.0,0.0,50000.0,0.0,144971000.0,Malicious
198.199.96.210--138.68.177.159--TCP--38776--8080(http-alt),138.68.177.159,198.199.96.210,TCP,8080(http-alt),38776,6445450000.0,50.0,0.0,50.0,8750.0,175.0,0.0,175.0,175.0,0.0,8750.0,175.0,175.0,0.0,0.0,0.0,175.0,0.0,175.0,131539000.0,3267000.0,129741000.0,148622000.0,0.0,6445450000.0,0.0,131539000.0,0.0,3267000.0,0.0,129741000.0,0.0,148622000.0,Malicious
138.68.177.159--198.199.96.210--TCP--8080(http-alt)--55606,198.199.96.210,138.68.177.159,TCP,55606,8080(http-alt),2864134000.0,83.0,0.0,83.0,10725.0,129.216867,129.128501,66.0,398.0,0.0,10725.0,129.216867,129.216867,0.0,129.128501,0.0,66.0,0.0,398.0,34928000.0,55433000.0,3000.0,138746000.0,0.0,2864134000.0,0.0,34928000.0,0.0,55433000.0,0.0,3000.0,0.0,138746000.0,Malicious
198.199.96.210--138.68.177.159--TCP--55618--8080(http-alt),138.68.177.159,198.199.96.210,TCP,8080(http-alt),55618,804084000.0,83.0,0.0,83.0,203374.0,2450.289157,1019.450319,66.0,2962.0,0.0,203374.0,2450.289157,2450.289157,0.0,1019.450319,0.0,66.0,0.0,2962.0,9805000.0,32067000.0,3000.0,139472000.0,0.0,804084000.0,0.0,9805000.0,0.0,32067000.0,0.0,3000.0,0.0,139472000.0,Malicious
198.199.96.210--138.68.177.159--TCP--50062--8080(http-alt),138.68.177.159,198.199.96.210,TCP,8080(http-alt),50062,546257000.0,83.0,0.0,83.0,193066.0,2326.096386,1129.907914,103.0,2962.0,0.0,193066.0,2326.096386,2326.096386,0.0,1129.907914,0.0,103.0,0.0,2962.0,6661000.0,29384000.0,1000.0,144600000.0,0.0,546257000.0,0.0,6661000.0,0.0,29384000.0,0.0,1000.0,0.0,144600000.0,Malicious
198.199.96.210--138.68.177.159--TCP--5286--8080(http-alt),138.68.177.159,198.199.96.210,TCP,8080(http-alt),5286,537894000.0,83.0,0.0,83.0,195182.0,2351.590361,1078.55842,378.0,2962.0,0.0,195182.0,2351.590361,2351.590361,0.0,1078.55842,0.0,378.0,0.0,2962.0,6559000.0,28910000.0,2000.0,135700000.0,0.0,537894000.0,0.0,6559000.0,0.0,28910000.0,0.0,2000.0,0.0,135700000.0,Malicious
138.68.177.159--198.199.96.210--TCP--8080(http-alt)--5288,198.199.96.210,138.68.177.159,TCP,5288,8080(http-alt),3229286000.0,83.0,0.0,83.0,12329.0,148.542169,141.616596,66.0,396.0,0.0,12329.0,148.542169,148.542169,0.0,141.616596,0.0,66.0,0.0,396.0,39381000.0,58501000.0,3000.0,141614000.0,0.0,3229286000.0,0.0,39381000.0,0.0,58501000.0,0.0,3000.0,0.0,141614000.0,Malicious
198.199.96.210--138.68.177.159--TCP--37120--8080(http-alt),138.68.177.159,198.199.96.210,TCP,8080(http-alt),37120,807226000.0,83.0,0.0,83.0,195190.0,2351.686747,1075.57292,66.0,2962.0,0.0,195190.0,2351.686747,2351.686747,0.0,1075.57292,0.0,66.0,0.0,2962.0,9844000.0,32261000.0,2000.0,136713000.0,0.0,807226000.0,0.0,9844000.0,0.0,32261000.0,0.0,2000.0,0.0,136713000.0,Malicious
198.199.96.210--138.68.177.159--TCP--58664--8080(http-alt),138.68.177.159,198.199.96.210,TCP,8080(http-alt),58664,535260000.0,83.0,0.0,83.0,193066.0,2326.096386,1129.907914,103.0,2962.0,0.0,193066.0,2326.096386,2326.096386,0.0,1129.907914,0.0,103.0,0.0,2962.0,6527000.0,28760000.0,2000.0,135187000.0,0.0,535260000.0,0.0,6527000.0,0.0,28760000.0,0.0,2000.0,0.0,135187000.0,Malicious
138.68.177.159--198.199.96.210--TCP--8080(http-alt)--38794,198.199.96.210,138.68.177.159,TCP,38794,8080(http-alt),6436448000.0,50.0,0.0,50.0,17691.0,353.82,3.247707,348.0,367.0,0.0,17691.0,353.82,353.82,0.0,3.247707,0.0,348.0,0.0,367.0,131356000.0,2618000.0,129546000.0,145113000.0,0.0,6436448000.0,0.0,131356000.0,0.0,2618000.0,0.0,129546000.0,0.0,145113000.0,Malicious
138.68.177.159--198.199.96.210--TCP--8080(http-alt)--38076,198.199.96.210,138.68.177.159,TCP,38076,8080(http-alt),2811729000.0,57.0,0.0,57.0,10613.0,186.192982,157.380134,66.0,402.0,0.0,10613.0,186.192982,186.192982,0.0,157.380134,0.0,66.0,0.0,402.0,50209000.0,62369000.0,7000.0,134058000.0,0.0,2811729000.0,0.0,50209000.0,0.0,62369000.0,0.0,7000.0,0.0,134058000.0,Malicious
138.68.177.159--198.199.96.210--TCP--8080(http-alt)--40440,198.199.96.210,138.68.177.159,TCP,40440,8080(http-alt),2862325000.0,83.0,0.0,83.0,10705.0,128.975904,128.632846,66.0,396.0,0.0,10705.0,128.975904,128.975904,0.0,128.632846,0.0,66.0,0.0,396.0,34906000.0,56080000.0,3000.0,152582000.0,0.0,2862325000.0,0.0,34906000.0,0.0,56080000.0,0.0,3000.0,0.0,152582000.0,Malicious
198.199.96.210--138.68.177.159--TCP--50052--8080(http-alt),138.68.177.159,198.199.96.210,TCP,8080(http-alt),50052,538046000.0,83.0,0.0,83.0,193066.0,2326.096386,1129.907914,103.0,2962.0,0.0,193066.0,2326.096386,2326.096386,0.0,1129.907914,0.0,103.0,0.0,2962.0,6561000.0,28898000.0,3000.0,135709000.0,0.0,538046000.0,0.0,6561000.0,0.0,28898000.0,0.0,3000.0,0.0,135709000.0,Malicious
138.68.177.159--198.199.96.210--TCP--8080(http-alt)--38212,198.199.96.210,138.68.177.159,TCP,38212,8080(http-alt),4275752000.0,83.0,0.0,83.0,15931.0,191.939759,158.999079,66.0,402.0,0.0,15931.0,191.939759,191.939759,0.0,158.999079,0.0,66.0,0.0,402.0,52143000.0,63287000.0,3000.0,146214000.0,0.0,4275752000.0,0.0,52143000.0,0.0,63287000.0,0.0,3000.0,0.0,146214000.0,Malicious
138.68.177.159--198.199.96.210--TCP--8080(http-alt)--40212,198.199.96.210,138.68.177.159,TCP,40212,8080(http-alt),3250147000.0,63.0,0.0,63.0,12015.0,190.714286,159.009177,66.0,413.0,0.0,12015.0,190.714286,190.714286,0.0,159.009177,0.0,66.0,0.0,413.0,52421000.0,63146000.0,12000.0,137885000.0,0.0,3250147000.0,0.0,52421000.0,0.0,63146000.0,0.0,12000.0,0.0,137885000.0,Malicious
138.68.177.159--198.199.96.210--TCP--8080(http-alt)--58644,198.199.96.210,138.68.177.159,TCP,58644,8080(http-alt),2972651000.0,56.0,0.0,56.0,10881.0,194.303571,159.512306,66.0,399.0,0.0,10881.0,194.303571,194.303571,0.0,159.512306,0.0,66.0,0.0,399.0,54048000.0,63273000.0,21000.0,140551000.0,0.0,2972651000.0,0.0,54048000.0,0.0,63273000.0,0.0,21000.0,0.0,140551000.0,Malicious
198.199.96.210--138.68.177.159--TCP--55100--8080(http-alt),138.68.177.159,198.199.96.210,TCP,8080(http-alt),55100,528053000.0,83.0,0.0,83.0,193066.0,2326.096386,1129.907914,103.0,2962.0,0.0,193066.0,2326.096386,2326.096386,0.0,1129.907914,0.0,103.0,0.0,2962.0,6439000.0,28365000.0,1000.0,133609000.0,0.0,528053000.0,0.0,6439000.0,0.0,28365000.0,0.0,1000.0,0.0,133609000.0,Malicious
198.199.96.210--138.68.177.159--TCP--58912--8080(http-alt),138.68.177.159,198.199.96.210,TCP,8080(http-alt),58912,966805000.0,83.0,0.0,83.0,193074.0,2326.192771,1125.857408,66.0,2962.0,0.0,193074.0,2326.192771,2326.192771,0.0,1125.857408,0.0,66.0,0.0,2962.0,11790000.0,36345000.0,1000.0,155463000.0,0.0,966805000.0,0.0,11790000.0,0.0,36345000.0,0.0,1000.0,0.0,155463000.0,Malicious
198.199.96.210--138.68.177.159--TCP--40212--8080(http-alt),138.68.177.159,198.199.96.210,TCP,8080(http-alt),40212,537718000.0,83.0,0.0,83.0,193066.0,2326.096386,1129.907914,103.0,2962.0,0.0,193066.0,2326.096386,2326.096386,0.0,1129.907914,0.0,103.0,0.0,2962.0,6557000.0,28854000.0,2000.0,134257000.0,0.0,537718000.0,0.0,6557000.0,0.0,28854000.0,0.0,2000.0,0.0,134257000.0,Malicious
138.68.177.159--198.199.96.210--TCP--8080(http-alt)--50072,198.199.96.210,138.68.177.159,TCP,50072,8080(http-alt),4029340000.0,83.0,0.0,83.0,15267.0,183.939759,156.765987,66.0,398.0,0.0,15267.0,183.939759,183.939759,0.0,156.765987,0.0,66.0,0.0,398.0,49138000.0,62766000.0,4000.0,136447000.0,0.0,4029340000.0,0.0,49138000.0,0.0,62766000.0,0.0,4000.0,0.0,136447000.0,Malicious
198.199.96.210--138.68.177.159--TCP--43096--8080(http-alt),138.68.177.159,198.199.96.210,TCP,8080(http-alt),43096,527101000.0,83.0,0.0,83.0,193066.0,2326.096386,1129.907914,103.0,2962.0,0.0,193066.0,2326.096386,2326.096386,0.0,1129.907914,0.0,103.0,0.0,2962.0,6428000.0,28338000.0,4000.0,132354000.0,0.0,527101000.0,0.0,6428000.0,0.0,28338000.0,0.0,4000.0,0.0,132354000.0,Malicious
138.68.177.159--198.199.96.210--TCP--8080(http-alt)--38188,198.199.96.210,138.68.177.159,TCP,38188,8080(http-alt),3862350000.0,83.0,0.0,83.0,14952.0,180.144578,155.768915,66.0,402.0,0.0,14952.0,180.144578,180.144578,0.0,155.768915,0.0,66.0,0.0,402.0,47101000.0,62057000.0,15000.0,135968000.0,0.0,3862350000.0,0.0,47101000.0,0.0,62057000.0,0.0,15000.0,0.0,135968000.0,Malicious
198.199.96.210--138.68.177.159--TCP--55612--8080(http-alt),138.68.177.159,198.199.96.210,TCP,8080(http-alt),55612,796002000.0,83.0,0.0,83.0,203374.0,2450.289157,1019.450319,66.0,2962.0,0.0,203374.0,2450.289157,2450.289157,0.0,1019.450319,0.0,66.0,0.0,2962.0,9707000.0,31565000.0,6000.0,135017000.0,0.0,796002000.0,0.0,9707000.0,0.0,31565000.0,0.0,6000.0,0.0,135017000.0,Malicious
138.68.177.159--198.199.96.210--TCP--8080(http-alt)--50068,198.199.96.210,138.68.177.159,TCP,50068,8080(http-alt),3853725000.0,83.0,0.0,83.0,14929.0,179.86747,155.387954,66.0,398.0,0.0,14929.0,179.86747,179.86747,0.0,155.387954,0.0,66.0,0.0,398.0,46996000.0,61669000.0,10000.0,133368000.0,0.0,3853725000.0,0.0,46996000.0,0.0,61669000.0,0.0,10000.0,0.0,133368000.0,Malicious
198.199.96.210--138.68.177.159--TCP--50064--8080(http-alt),138.68.177.159,198.199.96.210,TCP,8080(http-alt),50064,546086000.0,83.0,0.0,83.0,193066.0,2326.096386,1129.907914,103.0,2962.0,0.0,193066.0,2326.096386,2326.096386,0.0,1129.907914,0.0,103.0,0.0,2962.0,6659000.0,29364000.0,1000.0,144612000.0,0.0,546086000.0,0.0,6659000.0,0.0,29364000.0,0.0,1000.0,0.0,144612000.0,Malicious
198.199.96.210--138.68.177.159--TCP--37122--8080(http-alt),138.68.177.159,198.199.96.210,TCP,8080(http-alt),37122,807523000.0,83.0,0.0,83.0,192294.0,2316.795181,1101.860286,66.0,2962.0,0.0,192294.0,2316.795181,2316.795181,0.0,1101.860286,0.0,66.0,0.0,2962.0,9847000.0,31838000.0,5000.0,143915000.0,0.0,807523000.0,0.0,9847000.0,0.0,31838000.0,0.0,5000.0,0.0,143915000.0,Malicious
198.199.96.210--138.68.177.159--TCP--55622--8080(http-alt),138.68.177.159,198.199.96.210,TCP,8080(http-alt),55622,658349000.0,83.0,0.0,83.0,203062.0,2446.53012,1026.690136,66.0,2962.0,0.0,203062.0,2446.53012,2446.53012,0.0,1026.690136,0.0,66.0,0.0,2962.0,8028000.0,28409000.0,2000.0,136138000.0,0.0,658349000.0,0.0,8028000.0,0.0,28409000.0,0.0,2000.0,0.0,136138000.0,Malicious
138.68.177.159--198.199.96.210--TCP--8080(http-alt)--40238,198.199.96.210,138.68.177.159,TCP,40238,8080(http-alt),3893392000.0,83.0,0.0,83.0,15305.0,184.39759,157.39184,66.0,412.0,0.0,15305.0,184.39759,184.39759,0.0,157.39184,0.0,66.0,0.0,412.0,47480000.0,62240000.0,3000.0,137037000.0,0.0,3893392000.0,0.0,47480000.0,0.0,62240000.0,0.0,3000.0,0.0,137037000.0,Malicious
138.68.177.159--198.199.96.210--TCP--8080(http-alt)--38060,198.199.96.210,138.68.177.159,TCP,38060,8080(http-alt),1456527000.0,32.0,0.0,32.0,5714.0,178.5625,155.542787,66.0,402.0,0.0,5714.0,178.5625,178.5625,0.0,155.542787,0.0,66.0,0.0,402.0,46984000.0,61454000.0,5000.0,132993000.0,0.0,1456527000.0,0.0,46984000.0,0.0,61454000.0,0.0,5000.0,0.0,132993000.0,Malicious
198.199.96.210--138.68.177.159--TCP--50072--8080(http-alt),138.68.177.159,198.199.96.210,TCP,8080(http-alt),50072,539582000.0,83.0,0.0,83.0,193066.0,2326.096386,1129.907914,103.0,2962.0,0.0,193066.0,2326.096386,2326.096386,0.0,1129.907914,0.0,103.0,0.0,2962.0,6580000.0,28984000.0,2000.0,135862000.0,0.0,539582000.0,0.0,6580000.0,0.0,28984000.0,0.0,2000.0,0.0,135862000.0,Malicious
138.68.177.159--198.199.96.210--TCP--8080(http-alt)--37106,198.199.96.210,138.68.177.159,TCP,37106,8080(http-alt),2487013000.0,56.0,0.0,56.0,9294.0,165.964286,151.115845,66.0,402.0,0.0,9294.0,165.964286,165.964286,0.0,151.115845,0.0,66.0,0.0,402.0,45218000.0,60991000.0,15000.0,142542000.0,0.0,2487013000.0,0.0,45218000.0,0.0,60991000.0,0.0,15000.0,0.0,142542000.0,Malicious
138.68.177.159--198.199.96.210--TCP--8080(http-alt)--38728,198.199.96.210,138.68.177.159,TCP,38728,8080(http-alt),6439307000.0,50.0,0.0,50.0,17731.0,354.62,5.443859,346.0,374.0,0.0,17731.0,354.62,354.62,0.0,5.443859,0.0,346.0,0.0,374.0,131414000.0,2444000.0,129566000.0,143720000.0,0.0,6439307000.0,0.0,131414000.0,0.0,2444000.0,0.0,129566000.0,0.0,143720000.0,Malicious
198.199.96.210--138.68.177.159--TCP--37038--8080(http-alt),138.68.177.159,198.199.96.210,TCP,8080(http-alt),37038,785117000.0,83.0,0.0,83.0,195190.0,2351.686747,1075.57292,66.0,2962.0,0.0,195190.0,2351.686747,2351.686747,0.0,1075.57292,0.0,66.0,0.0,2962.0,9574000.0,31300000.0,4000.0,131262000.0,0.0,785117000.0,0.0,9574000.0,0.0,31300000.0,0.0,4000.0,0.0,131262000.0,Malicious
198.199.96.210--138.68.177.159--TCP--37106--8080(http-alt),138.68.177.159,198.199.96.210,TCP,8080(http-alt),37106,818652000.0,83.0,0.0,83.0,195190.0,2351.686747,1075.57292,66.0,2962.0,0.0,195190.0,2351.686747,2351.686747,0.0,1075.57292,0.0,66.0,0.0,2962.0,9983000.0,32891000.0,2000.0,150251000.0,0.0,818652000.0,0.0,9983000.0,0.0,32891000.0,0.0,2000.0,0.0,150251000.0,Malicious
198.199.96.210--138.68.177.159--TCP--55634--8080(http-alt),138.68.177.159,198.199.96.210,TCP,8080(http-alt),55634,796608000.0,83.0,0.0,83.0,203062.0,2446.53012,1026.690136,66.0,2962.0,0.0,203062.0,2446.53012,2446.53012,0.0,1026.690136,0.0,66.0,0.0,2962.0,9714000.0,31900000.0,1000.0,139857000.0,0.0,796608000.0,0.0,9714000.0,0.0,31900000.0,0.0,1000.0,0.0,139857000.0,Malicious
138.68.177.159--198.199.96.210--TCP--8080(http-alt)--58632,198.199.96.210,138.68.177.159,TCP,58632,8080(http-alt),2032976000.0,37.0,0.0,37.0,7348.0,198.594595,160.591383,66.0,399.0,0.0,7348.0,198.594595,198.594595,0.0,160.591383,0.0,66.0,0.0,399.0,56471000.0,63088000.0,240000.0,137078000.0,0.0,2032976000.0,0.0,56471000.0,0.0,63088000.0,0.0,240000.0,0.0,137078000.0,Malicious
198.199.96.210--138.68.177.159--TCP--38060--8080(http-alt),138.68.177.159,198.199.96.210,TCP,8080(http-alt),38060,530733000.0,83.0,0.0,83.0,193066.0,2326.096386,1129.907914,103.0,2962.0,0.0,193066.0,2326.096386,2326.096386,0.0,1129.907914,0.0,103.0,0.0,2962.0,6472000.0,28531000.0,2000.0,135248000.0,0.0,530733000.0,0.0,6472000.0,0.0,28531000.0,0.0,2000.0,0.0,135248000.0,Malicious
198.199.96.210--138.68.177.159--TCP--37118--8080(http-alt),138.68.177.159,198.199.96.210,TCP,8080(http-alt),37118,808870000.0,83.0,0.0,83.0,195190.0,2351.686747,1075.57292,66.0,2962.0,0.0,195190.0,2351.686747,2351.686747,0.0,1075.57292,0.0,66.0,0.0,2962.0,9864000.0,32283000.0,1000.0,137875000.0,0.0,808870000.0,0.0,9864000.0,0.0,32283000.0,0.0,1000.0,0.0,137875000.0,Malicious
198.199.96.210--138.68.177.159--TCP--38292--8080(http-alt),138.68.177.159,198.199.96.210,TCP,8080(http-alt),38292,914098000.0,83.0,0.0,83.0,193386.0,2329.951807,1118.803512,66.0,2962.0,0.0,193386.0,2329.951807,2329.951807,0.0,1118.803512,0.0,66.0,0.0,2962.0,11147000.0,33973000.0,5000.0,131222000.0,0.0,914098000.0,0.0,11147000.0,0.0,33973000.0,0.0,5000.0,0.0,131222000.0,Malicious
198.199.96.210--138.68.177.159--TCP--36860--8080(http-alt),138.68.177.159,198.199.96.210,TCP,8080(http-alt),36860,530858000.0,83.0,0.0,83.0,195182.0,2351.590361,1078.55842,378.0,2962.0,0.0,195182.0,2351.590361,2351.590361,0.0,1078.55842,0.0,378.0,0.0,2962.0,6473000.0,28544000.0,1000.0,133138000.0,0.0,530858000.0,0.0,6473000.0,0.0,28544000.0,0.0,1000.0,0.0,133138000.0,Malicious
198.199.96.210--138.68.177.159--TCP--55358--8080(http-alt),138.68.177.159,198.199.96.210,TCP,8080(http-alt),55358,269545000.0,83.0,0.0,83.0,194054.0,2338.0,1107.520839,322.0,2962.0,0.0,194054.0,2338.0,2338.0,0.0,1107.520839,0.0,322.0,0.0,2962.0,3287000.0,20695000.0,2000.0,134564000.0,0.0,269545000.0,0.0,3287000.0,0.0,20695000.0,0.0,2000.0,0.0,134564000.0,Malicious
198.199.96.210--138.68.177.159--TCP--58618--8080(http-alt),138.68.177.159,198.199.96.210,TCP,8080(http-alt),58618,538266000.0,83.0,0.0,83.0,193066.0,2326.096386,1129.907914,103.0,2962.0,0.0,193066.0,2326.096386,2326.096386,0.0,1129.907914,0.0,103.0,0.0,2962.0,6564000.0,28943000.0,1000.0,136800000.0,0.0,538266000.0,0.0,6564000.0,0.0,28943000.0,0.0,1000.0,0.0,136800000.0,Malicious
138.68.177.159--198.199.96.210--TCP--8080(http-alt)--40240,198.199.96.210,138.68.177.159,TCP,40240,8080(http-alt),3474441000.0,83.0,0.0,83.0,14348.0,172.86747,153.933155,66.0,412.0,0.0,14348.0,172.86747,172.86747,0.0,153.933155,0.0,66.0,0.0,412.0,42371000.0,60389000.0,6000.0,137360000.0,0.0,3474441000.0,0.0,42371000.0,0.0,60389000.0,0.0,6000.0,0.0,137360000.0,Malicious
138.68.177.159--198.199.96.210--TCP--8080(http-alt)--55106,198.199.96.210,138.68.177.159,TCP,55106,8080(http-alt),4012025000.0,83.0,0.0,83.0,15267.0,183.939759,156.776977,66.0,408.0,0.0,15267.0,183.939759,183.939759,0.0,156.776977,0.0,66.0,0.0,408.0,48927000.0,62236000.0,9000.0,134134000.0,0.0,4012025000.0,0.0,48927000.0,0.0,62236000.0,0.0,9000.0,0.0,134134000.0,Malicious
198.199.96.210--138.68.177.159--TCP--55042--8080(http-alt),138.68.177.159,198.199.96.210,TCP,8080(http-alt),55042,537481000.0,83.0,0.0,83.0,193066.0,2326.096386,1129.907914,103.0,2962.0,0.0,193066.0,2326.096386,2326.096386,0.0,1129.907914,0.0,103.0,0.0,2962.0,6554000.0,28890000.0,4000.0,136060000.0,0.0,537481000.0,0.0,6554000.0,0.0,28890000.0,0.0,4000.0,0.0,136060000.0,Malicious
138.68.177.159--198.199.96.210--TCP--8080(http-alt)--58870,198.199.96.210,138.68.177.159,TCP,58870,8080(http-alt),3523417000.0,83.0,0.0,83.0,13332.0,160.626506,148.160342,66.0,400.0,0.0,13332.0,160.626506,160.626506,0.0,148.160342,0.0,66.0,0.0,400.0,42968000.0,60061000.0,3000.0,136214000.0,0.0,3523417000.0,0.0,42968000.0,0.0,60061000.0,0.0,3000.0,0.0,136214000.0,Malicious
198.199.96.210--138.68.177.159--TCP--5287--8080(http-alt),138.68.177.159,198.199.96.210,TCP,8080(http-alt),5287,543559000.0,83.0,0.0,83.0,193066.0,2326.096386,1129.907914,103.0,2962.0,0.0,193066.0,2326.096386,2326.096386,0.0,1129.907914,0.0,103.0,0.0,2962.0,6628000.0,29223000.0,1000.0,136043000.0,0.0,543559000.0,0.0,6628000.0,0.0,29223000.0,0.0,1000.0,0.0,136043000.0,Malicious
198.199.96.210--138.68.177.159--TCP--37104--8080(http-alt),138.68.177.159,198.199.96.210,TCP,8080(http-alt),37104,803075000.0,83.0,0.0,83.0,195190.0,2351.686747,1075.57292,66.0,2962.0,0.0,195190.0,2351.686747,2351.686747,0.0,1075.57292,0.0,66.0,0.0,2962.0,9793000.0,31998000.0,1000.0,139603000.0,0.0,803075000.0,0.0,9793000.0,0.0,31998000.0,0.0,1000.0,0.0,139603000.0,Malicious
198.199.96.210--138.68.177.159--TCP--43138--8080(http-alt),138.68.177.159,198.199.96.210,TCP,8080(http-alt),43138,526045000.0,83.0,0.0,83.0,193066.0,2326.096386,1129.907914,103.0,2962.0,0.0,193066.0,2326.096386,2326.096386,0.0,1129.907914,0.0,103.0,0.0,2962.0,6415000.0,28278000.0,4000.0,131539000.0,0.0,526045000.0,0.0,6415000.0,0.0,28278000.0,0.0,4000.0,0.0,131539000.0,Malicious
138.68.177.159--198.199.96.210--TCP--8080(http-alt)--38770,198.199.96.210,138.68.177.159,TCP,38770,8080(http-alt),6439259000.0,50.0,0.0,50.0,17794.0,355.88,6.417601,347.0,373.0,0.0,17794.0,355.88,355.88,0.0,6.417601,0.0,347.0,0.0,373.0,131413000.0,2439000.0,129605000.0,143576000.0,0.0,6439259000.0,0.0,131413000.0,0.0,2439000.0,0.0,129605000.0,0.0,143576000.0,Malicious
138.68.177.159--198.199.96.210--TCP--8080(http-alt)--50078,198.199.96.210,138.68.177.159,TCP,50078,8080(http-alt),3760443000.0,83.0,0.0,83.0,14636.0,176.337349,154.645828,66.0,398.0,0.0,14636.0,176.337349,176.337349,0.0,154.645828,0.0,66.0,0.0,398.0,45859000.0,61746000.0,4000.0,139448000.0,0.0,3760443000.0,0.0,45859000.0,0.0,61746000.0,0.0,4000.0,0.0,139448000.0,Malicious
138.68.177.159--198.199.96.210--TCP--8080(http-alt)--58618,198.199.96.210,138.68.177.159,TCP,58618,8080(http-alt),1078433000.0,19.0,0.0,19.0,3857.0,203.0,160.652616,66.0,394.0,0.0,3857.0,203.0,203.0,0.0,160.652616,0.0,66.0,0.0,394.0,59912000.0,63486000.0,141000.0,136924000.0,0.0,1078433000.0,0.0,59912000.0,0.0,63486000.0,0.0,141000.0,0.0,136924000.0,Malicious
198.199.96.210--138.68.177.159--TCP--55086--8080(http-alt),138.68.177.159,198.199.96.210,TCP,8080(http-alt),55086,527272000.0,83.0,0.0,83.0,193066.0,2326.096386,1129.907914,103.0,2962.0,0.0,193066.0,2326.096386,2326.096386,0.0,1129.907914,0.0,103.0,0.0,2962.0,6430000.0,28332000.0,1000.0,132541000.0,0.0,527272000.0,0.0,6430000.0,0.0,28332000.0,0.0,1000.0,0.0,132541000.0,Malicious
138.68.177.159--198.199.96.210--TCP--8080(http-alt)--50064,198.199.96.210,138.68.177.159,TCP,50064,8080(http-alt),3750366000.0,83.0,0.0,83.0,14951.0,180.13253,155.749085,66.0,398.0,0.0,14951.0,180.13253,180.13253,0.0,155.749085,0.0,66.0,0.0,398.0,45736000.0,61384000.0,5000.0,137208000.0,0.0,3750366000.0,0.0,45736000.0,0.0,61384000.0,0.0,5000.0,0.0,137208000.0,Malicious
198.199.96.210--138.68.177.159--TCP--38184--8080(http-alt),138.68.177.159,198.199.96.210,TCP,8080(http-alt),38184,533607000.0,83.0,0.0,83.0,193066.0,2326.096386,1129.907914,103.0,2962.0,0.0,193066.0,2326.096386,2326.096386,0.0,1129.907914,0.0,103.0,0.0,2962.0,6507000.0,28675000.0,2000.0,134285000.0,0.0,533607000.0,0.0,6507000.0,0.0,28675000.0,0.0,2000.0,0.0,134285000.0,Malicious
198.199.96.210--138.68.177.159--TCP--43296--8080(http-alt),138.68.177.159,198.199.96.210,TCP,8080(http-alt),43296,265212000.0,19.0,0.0,19.0,43566.0,2292.947368,1155.830504,66.0,2962.0,0.0,43566.0,2292.947368,2292.947368,0.0,1155.830504,0.0,66.0,0.0,2962.0,14734000.0,30604000.0,4000.0,133897000.0,0.0,265212000.0,0.0,14734000.0,0.0,30604000.0,0.0,4000.0,0.0,133897000.0,Malicious
198.199.96.210--138.68.177.159--TCP--37114--8080(http-alt),138.68.177.159,198.199.96.210,TCP,8080(http-alt),37114,839055000.0,83.0,0.0,83.0,195190.0,2351.686747,1075.57292,66.0,2962.0,0.0,195190.0,2351.686747,2351.686747,0.0,1075.57292,0.0,66.0,0.0,2962.0,10232000.0,33034000.0,1000.0,142799000.0,0.0,839055000.0,0.0,10232000.0,0.0,33034000.0,0.0,1000.0,0.0,142799000.0,Malicious
138.68.177.159--198.199.96.210--TCP--8080(http-alt)--50062,198.199.96.210,138.68.177.159,TCP,50062,8080(http-alt),4015137000.0,83.0,0.0,83.0,15263.0,183.891566,156.704927,66.0,398.0,0.0,15263.0,183.891566,183.891566,0.0,156.704927,0.0,66.0,0.0,398.0,48965000.0,62241000.0,3000.0,137081000.0,0.0,4015137000.0,0.0,48965000.0,0.0,62241000.0,0.0,3000.0,0.0,137081000.0,Malicious
138.68.177.159--198.199.96.210--TCP--8080(http-alt)--43126,198.199.96.210,138.68.177.159,TCP,43126,8080(http-alt),3587947000.0,83.0,0.0,83.0,14676.0,176.819277,155.322839,66.0,400.0,0.0,14676.0,176.819277,176.819277,0.0,155.322839,0.0,66.0,0.0,400.0,43755000.0,60655000.0,7000.0,133351000.0,0.0,3587947000.0,0.0,43755000.0,0.0,60655000.0,0.0,7000.0,0.0,133351000.0,Malicious
198.199.96.210--138.68.177.159--TCP--36876--8080(http-alt),138.68.177.159,198.199.96.210,TCP,8080(http-alt),36876,531092000.0,83.0,0.0,83.0,195182.0,2351.590361,1078.55842,378.0,2962.0,0.0,195182.0,2351.590361,2351.590361,0.0,1078.55842,0.0,378.0,0.0,2962.0,6476000.0,28530000.0,3000.0,135183000.0,0.0,531092000.0,0.0,6476000.0,0.0,28530000.0,0.0,3000.0,0.0,135183000.0,Malicious
138.68.177.159--198.199.96.210--TCP--8080(http-alt)--37022,198.199.96.210,138.68.177.159,TCP,37022,8080(http-alt),3599021000.0,83.0,0.0,83.0,14302.0,172.313253,153.118344,66.0,398.0,0.0,14302.0,172.313253,172.313253,0.0,153.118344,0.0,66.0,0.0,398.0,43890000.0,61114000.0,4000.0,143803000.0,0.0,3599021000.0,0.0,43890000.0,0.0,61114000.0,0.0,4000.0,0.0,143803000.0,Malicious
198.199.96.210--138.68.177.159--TCP--43052--8080(http-alt),138.68.177.159,198.199.96.210,TCP,8080(http-alt),43052,535361000.0,83.0,0.0,83.0,193066.0,2326.096386,1129.907914,103.0,2962.0,0.0,193066.0,2326.096386,2326.096386,0.0,1129.907914,0.0,103.0,0.0,2962.0,6528000.0,28759000.0,1000.0,135252000.0,0.0,535361000.0,0.0,6528000.0,0.0,28759000.0,0.0,1000.0,0.0,135252000.0,Malicious
138.68.177.159--198.199.96.210--TCP--8080(http-alt)--55618,198.199.96.210,138.68.177.159,TCP,55618,8080(http-alt),2975598000.0,83.0,0.0,83.0,11369.0,136.975904,134.649923,66.0,400.0,0.0,11369.0,136.975904,136.975904,0.0,134.649923,0.0,66.0,0.0,400.0,36287000.0,56424000.0,3000.0,133518000.0,0.0,2975598000.0,0.0,36287000.0,0.0,56424000.0,0.0,3000.0,0.0,133518000.0,Malicious
198.199.96.210--138.68.177.159--TCP--36874--8080(http-alt),138.68.177.159,198.199.96.210,TCP,8080(http-alt),36874,531286000.0,83.0,0.0,83.0,195182.0,2351.590361,1078.55842,378.0,2962.0,0.0,195182.0,2351.590361,2351.590361,0.0,1078.55842,0.0,378.0,0.0,2962.0,6479000.0,28548000.0,1000.0,133118000.0,0.0,531286000.0,0.0,6479000.0,0.0,28548000.0,0.0,1000.0,0.0,133118000.0,Malicious
198.199.96.210--138.68.177.159--TCP--50048--8080(http-alt),138.68.177.159,198.199.96.210,TCP,8080(http-alt),50048,537046000.0,83.0,0.0,83.0,193066.0,2326.096386,1129.907914,103.0,2962.0,0.0,193066.0,2326.096386,2326.096386,0.0,1129.907914,0.0,103.0,0.0,2962.0,6549000.0,28872000.0,2000.0,135606000.0,0.0,537046000.0,0.0,6549000.0,0.0,28872000.0,0.0,2000.0,0.0,135606000.0,Malicious
198.199.96.210--138.68.177.159--TCP--38324--8080(http-alt),138.68.177.159,198.199.96.210,TCP,8080(http-alt),38324,930064000.0,83.0,0.0,83.0,193386.0,2329.951807,1118.803512,66.0,2962.0,0.0,193386.0,2329.951807,2329.951807,0.0,1118.803512,0.0,66.0,0.0,2962.0,11342000.0,34704000.0,0.0,141096000.0,0.0,930064000.0,0.0,11342000.0,0.0,34704000.0,0.0,0.0,0.0,141096000.0,Malicious
138.68.177.159--198.199.96.210--TCP--8080(http-alt)--5287,198.199.96.210,138.68.177.159,TCP,5287,8080(http-alt),3738114000.0,83.0,0.0,83.0,14624.0,176.192771,154.446892,66.0,402.0,0.0,14624.0,176.192771,176.192771,0.0,154.446892,0.0,66.0,0.0,402.0,45586000.0,61697000.0,6000.0,135797000.0,0.0,3738114000.0,0.0,45586000.0,0.0,61697000.0,0.0,6000.0,0.0,135797000.0,Malicious
198.199.96.210--138.68.177.159--TCP--55366--8080(http-alt),138.68.177.159,198.199.96.210,TCP,8080(http-alt),55366,270819000.0,83.0,0.0,83.0,194054.0,2338.0,1107.520839,322.0,2962.0,0.0,194054.0,2338.0,2338.0,0.0,1107.520839,0.0,322.0,0.0,2962.0,3302000.0,20826000.0,4000.0,137603000.0,0.0,270819000.0,0.0,3302000.0,0.0,20826000.0,0.0,4000.0,0.0,137603000.0,Malicious
138.68.177.159--198.199.96.210--TCP--8080(http-alt)--55064,198.199.96.210,138.68.177.159,TCP,55064,8080(http-alt),4164449000.0,83.0,0.0,83.0,15590.0,187.831325,157.801295,66.0,404.0,0.0,15590.0,187.831325,187.831325,0.0,157.801295,0.0,66.0,0.0,404.0,50785000.0,62576000.0,6000.0,145912000.0,0.0,4164449000.0,0.0,50785000.0,0.0,62576000.0,0.0,6000.0,0.0,145912000.0,Malicious
138.68.177.159--198.199.96.210--TCP--8080(http-alt)--38724,198.199.96.210,138.68.177.159,TCP,38724,8080(http-alt),6448028000.0,50.0,0.0,50.0,17792.0,355.84,5.930801,349.0,373.0,0.0,17792.0,355.84,355.84,0.0,5.930801,0.0,349.0,0.0,373.0,131592000.0,3339000.0,129722000.0,148580000.0,0.0,6448028000.0,0.0,131592000.0,0.0,3339000.0,0.0,129722000.0,0.0,148580000.0,Malicious
198.199.96.210--138.68.177.159--TCP--43126--8080(http-alt),138.68.177.159,198.199.96.210,TCP,8080(http-alt),43126,536903000.0,83.0,0.0,83.0,193066.0,2326.096386,1129.907914,103.0,2962.0,0.0,193066.0,2326.096386,2326.096386,0.0,1129.907914,0.0,103.0,0.0,2962.0,6547000.0,28840000.0,4000.0,134846000.0,0.0,536903000.0,0.0,6547000.0,0.0,28840000.0,0.0,4000.0,0.0,134846000.0,Malicious
198.199.96.210--138.68.177.159--TCP--50020--8080(http-alt),138.68.177.159,198.199.96.210,TCP,8080(http-alt),50020,535884000.0,83.0,0.0,83.0,193066.0,2326.096386,1129.907914,103.0,2962.0,0.0,193066.0,2326.096386,2326.096386,0.0,1129.907914,0.0,103.0,0.0,2962.0,6535000.0,28796000.0,1000.0,135641000.0,0.0,535884000.0,0.0,6535000.0,0.0,28796000.0,0.0,1000.0,0.0,135641000.0,Malicious
138.68.177.159--198.199.96.210--TCP--8080(http-alt)--55634,198.199.96.210,138.68.177.159,TCP,55634,8080(http-alt),2413782000.0,83.0,0.0,83.0,10375.0,125.0,125.377502,66.0,397.0,0.0,10375.0,125.0,125.0,0.0,125.377502,0.0,66.0,0.0,397.0,29436000.0,52877000.0,3000.0,140246000.0,0.0,2413782000.0,0.0,29436000.0,0.0,52877000.0,0.0,3000.0,0.0,140246000.0,Malicious
138.68.177.159--198.199.96.210--TCP--8080(http-alt)--40264,198.199.96.210,138.68.177.159,TCP,40264,8080(http-alt),4262974000.0,83.0,0.0,83.0,15959.0,192.277108,159.449906,66.0,412.0,0.0,15959.0,192.277108,192.277108,0.0,159.449906,0.0,66.0,0.0,412.0,51987000.0,63331000.0,4000.0,140604000.0,0.0,4262974000.0,0.0,51987000.0,0.0,63331000.0,0.0,4000.0,0.0,140604000.0,Malicious
198.199.96.210--138.68.177.159--TCP--58918--8080(http-alt),138.68.177.159,198.199.96.210,TCP,8080(http-alt),58918,938974000.0,83.0,0.0,83.0,193386.0,2329.951807,1118.803512,66.0,2962.0,0.0,193386.0,2329.951807,2329.951807,0.0,1118.803512,0.0,66.0,0.0,2962.0,11450000.0,34975000.0,1000.0,150932000.0,0.0,938974000.0,0.0,11450000.0,0.0,34975000.0,0.0,1000.0,0.0,150932000.0,Malicious
198.199.96.210--138.68.177.159--TCP--38212--8080(http-alt),138.68.177.159,198.199.96.210,TCP,8080(http-alt),38212,535150000.0,83.0,0.0,83.0,193066.0,2326.096386,1129.907914,103.0,2962.0,0.0,193066.0,2326.096386,2326.096386,0.0,1129.907914,0.0,103.0,0.0,2962.0,6526000.0,28756000.0,2000.0,135005000.0,0.0,535150000.0,0.0,6526000.0,0.0,28756000.0,0.0,2000.0,0.0,135005000.0,Malicious
198.199.96.210--138.68.177.159--TCP--50270--8080(http-alt),138.68.177.159,198.199.96.210,TCP,8080(http-alt),50270,938264000.0,83.0,0.0,83.0,193074.0,2326.192771,1125.857408,66.0,2962.0,0.0,193074.0,2326.192771,2326.192771,0.0,1125.857408,0.0,66.0,0.0,2962.0,11442000.0,34995000.0,2000.0,141639000.0,0.0,938264000.0,0.0,11442000.0,0.0,34995000.0,0.0,2000.0,0.0,141639000.0,Malicious
198.199.96.210--138.68.177.159--TCP--37022--8080(http-alt),138.68.177.159,198.199.96.210,TCP,8080(http-alt),37022,525248000.0,83.0,0.0,83.0,195182.0,2351.590361,1078.55842,378.0,2962.0,0.0,195182.0,2351.590361,2351.590361,0.0,1078.55842,0.0,378.0,0.0,2962.0,6405000.0,28232000.0,4000.0,131292000.0,0.0,525248000.0,0.0,6405000.0,0.0,28232000.0,0.0,4000.0,0.0,131292000.0,Malicious
138.68.177.159--198.199.96.210--TCP--8080(http-alt)--36866,198.199.96.210,138.68.177.159,TCP,36866,8080(http-alt),4017939000.0,83.0,0.0,83.0,15600.0,187.951807,157.958123,66.0,401.0,0.0,15600.0,187.951807,187.951807,0.0,157.958123,0.0,66.0,0.0,401.0,48999000.0,62322000.0,6000.0,135566000.0,0.0,4017939000.0,0.0,48999000.0,0.0,62322000.0,0.0,6000.0,0.0,135566000.0,Malicious
198.199.96.210--138.68.177.159--TCP--40430--8080(http-alt),138.68.177.159,198.199.96.210,TCP,8080(http-alt),40430,921552000.0,83.0,0.0,83.0,193074.0,2326.192771,1125.857408,66.0,2962.0,0.0,193074.0,2326.192771,2326.192771,0.0,1125.857408,0.0,66.0,0.0,2962.0,11238000.0,34104000.0,5000.0,133552000.0,0.0,921552000.0,0.0,11238000.0,0.0,34104000.0,0.0,5000.0,0.0,133552000.0,Malicious
138.68.177.159--198.199.96.210--TCP--8080(http-alt)--58664,198.199.96.210,138.68.177.159,TCP,58664,8080(http-alt),3999439000.0,79.0,0.0,79.0,15004.0,189.924051,158.384708,66.0,400.0,0.0,15004.0,189.924051,189.924051,0.0,158.384708,0.0,66.0,0.0,400.0,51274000.0,62849000.0,12000.0,133803000.0,0.0,3999439000.0,0.0,51274000.0,0.0,62849000.0,0.0,12000.0,0.0,133803000.0,Malicious
138.68.177.159--198.199.96.210--TCP--8080(http-alt)--36874,198.199.96.210,138.68.177.159,TCP,36874,8080(http-alt),4544448000.0,83.0,0.0,83.0,16610.0,200.120482,161.025883,66.0,402.0,0.0,16610.0,200.120482,200.120482,0.0,161.025883,0.0,66.0,0.0,402.0,55420000.0,63950000.0,96000.0,139431000.0,0.0,4544448000.0,0.0,55420000.0,0.0,63950000.0,0.0,96000.0,0.0,139431000.0,Malicious
198.199.96.210--138.68.177.159--TCP--58648--8080(http-alt),138.68.177.159,198.199.96.210,TCP,8080(http-alt),58648,545243000.0,83.0,0.0,83.0,193066.0,2326.096386,1129.907914,103.0,2962.0,0.0,193066.0,2326.096386,2326.096386,0.0,1129.907914,0.0,103.0,0.0,2962.0,6649000.0,29286000.0,1000.0,138353000.0,0.0,545243000.0,0.0,6649000.0,0.0,29286000.0,0.0,1000.0,0.0,138353000.0,Malicious
198.199.96.210--138.68.177.159--TCP--55610--8080(http-alt),138.68.177.159,198.199.96.210,TCP,8080(http-alt),55610,661077000.0,83.0,0.0,83.0,203062.0,2446.53012,1026.690136,66.0,2962.0,0.0,203062.0,2446.53012,2446.53012,0.0,1026.690136,0.0,66.0,0.0,2962.0,8061000.0,28358000.0,3000.0,134268000.0,0.0,661077000.0,0.0,8061000.0,0.0,28358000.0,0.0,3000.0,0.0,134268000.0,Malicious
138.68.177.159--198.199.96.210--TCP--8080(http-alt)--43104,198.199.96.210,138.68.177.159,TCP,43104,8080(http-alt),4134422000.0,83.0,0.0,83.0,15674.0,188.843373,159.107562,66.0,400.0,0.0,15674.0,188.843373,188.843373,0.0,159.107562,0.0,66.0,0.0,400.0,50419000.0,62851000.0,4000.0,134412000.0,0.0,4134422000.0,0.0,50419000.0,0.0,62851000.0,0.0,4000.0,0.0,134412000.0,Malicious
198.199.96.210--138.68.177.159--TCP--55088--8080(http-alt),138.68.177.159,198.199.96.210,TCP,8080(http-alt),55088,537500000.0,83.0,0.0,83.0,193066.0,2326.096386,1129.907914,103.0,2962.0,0.0,193066.0,2326.096386,2326.096386,0.0,1129.907914,0.0,103.0,0.0,2962.0,6554000.0,28876000.0,1000.0,135857000.0,0.0,537500000.0,0.0,6554000.0,0.0,28876000.0,0.0,1000.0,0.0,135857000.0,Malicious
198.199.96.210--138.68.177.159--TCP--58650--8080(http-alt),138.68.177.159,198.199.96.210,TCP,8080(http-alt),58650,548230000.0,83.0,0.0,83.0,193066.0,2326.096386,1129.907914,103.0,2962.0,0.0,193066.0,2326.096386,2326.096386,0.0,1129.907914,0.0,103.0,0.0,2962.0,6685000.0,29489000.0,2000.0,147083000.0,0.0,548230000.0,0.0,6685000.0,0.0,29489000.0,0.0,2000.0,0.0,147083000.0,Malicious
198.199.96.210--138.68.177.159--TCP--40460--8080(http-alt),138.68.177.159,198.199.96.210,TCP,8080(http-alt),40460,792851000.0,83.0,0.0,83.0,193661.0,2333.26506,1112.593617,66.0,2962.0,0.0,193661.0,2333.26506,2333.26506,0.0,1112.593617,0.0,66.0,0.0,2962.0,9668000.0,31694000.0,1000.0,138981000.0,0.0,792851000.0,0.0,9668000.0,0.0,31694000.0,0.0,1000.0,0.0,138981000.0,Malicious
138.68.177.159--198.199.96.210--TCP--8080(http-alt)--38072,198.199.96.210,138.68.177.159,TCP,38072,8080(http-alt),2677108000.0,59.0,0.0,59.0,10441.0,176.966102,154.96593,66.0,402.0,0.0,10441.0,176.966102,176.966102,0.0,154.96593,0.0,66.0,0.0,402.0,46157000.0,61604000.0,6000.0,135113000.0,0.0,2677108000.0,0.0,46157000.0,0.0,61604000.0,0.0,6000.0,0.0,135113000.0,Malicious
198.199.96.210--138.68.177.159--TCP--40386--8080(http-alt),138.68.177.159,198.199.96.210,TCP,8080(http-alt),40386,530732000.0,83.0,0.0,83.0,193066.0,2326.096386,1129.907914,103.0,2962.0,0.0,193066.0,2326.096386,2326.096386,0.0,1129.907914,0.0,103.0,0.0,2962.0,6472000.0,28518000.0,1000.0,133774000.0,0.0,530732000.0,0.0,6472000.0,0.0,28518000.0,0.0,1000.0,0.0,133774000.0,Malicious
138.68.177.159--198.199.96.210--TCP--8080(http-alt)--55058,198.199.96.210,138.68.177.159,TCP,55058,8080(http-alt),4025922000.0,83.0,0.0,83.0,15615.0,188.13253,158.194845,66.0,408.0,0.0,15615.0,188.13253,188.13253,0.0,158.194845,0.0,66.0,0.0,408.0,49096000.0,62355000.0,3000.0,138078000.0,0.0,4025922000.0,0.0,49096000.0,0.0,62355000.0,0.0,3000.0,0.0,138078000.0,Malicious
198.199.96.210--138.68.177.159--TCP--40508--8080(http-alt),138.68.177.159,198.199.96.210,TCP,8080(http-alt),40508,398712000.0,33.0,0.0,33.0,87626.0,2655.333333,825.540582,66.0,2962.0,0.0,87626.0,2655.333333,2655.333333,0.0,825.540582,0.0,66.0,0.0,2962.0,12459000.0,32225000.0,4000.0,134227000.0,0.0,398712000.0,0.0,12459000.0,0.0,32225000.0,0.0,4000.0,0.0,134227000.0,Malicious
138.68.177.159--198.199.96.210--TCP--8080(http-alt)--38340,198.199.96.210,138.68.177.159,TCP,38340,8080(http-alt),3118567000.0,78.0,0.0,78.0,12008.0,153.948718,144.67292,66.0,397.0,0.0,12008.0,153.948718,153.948718,0.0,144.67292,0.0,66.0,0.0,397.0,40500000.0,59432000.0,3000.0,153420000.0,0.0,3118567000.0,0.0,40500000.0,0.0,59432000.0,0.0,3000.0,0.0,153420000.0,Malicious
138.68.177.159--198.199.96.210--TCP--8080(http-alt)--38328,198.199.96.210,138.68.177.159,TCP,38328,8080(http-alt),3008922000.0,83.0,0.0,83.0,11698.0,140.939759,137.318322,66.0,402.0,0.0,11698.0,140.939759,140.939759,0.0,137.318322,0.0,66.0,0.0,402.0,36694000.0,57843000.0,2000.0,159343000.0,0.0,3008922000.0,0.0,36694000.0,0.0,57843000.0,0.0,2000.0,0.0,159343000.0,Malicious
198.199.96.210--138.68.177.159--TCP--58884--8080(http-alt),138.68.177.159,198.199.96.210,TCP,8080(http-alt),58884,919715000.0,83.0,0.0,83.0,193386.0,2329.951807,1118.803512,66.0,2962.0,0.0,193386.0,2329.951807,2329.951807,0.0,1118.803512,0.0,66.0,0.0,2962.0,11216000.0,34093000.0,3000.0,133572000.0,0.0,919715000.0,0.0,11216000.0,0.0,34093000.0,0.0,3000.0,0.0,133572000.0,Malicious
138.68.177.159--198.199.96.210--TCP--8080(http-alt)--55042,198.199.96.210,138.68.177.159,TCP,55042,8080(http-alt),4304675000.0,83.0,0.0,83.0,15949.0,192.156627,159.278757,66.0,409.0,0.0,15949.0,192.156627,192.156627,0.0,159.278757,0.0,66.0,0.0,409.0,52496000.0,63020000.0,34000.0,142299000.0,0.0,4304675000.0,0.0,52496000.0,0.0,63020000.0,0.0,34000.0,0.0,142299000.0,Malicious
198.199.96.210--138.68.177.159--TCP--55548--8080(http-alt),138.68.177.159,198.199.96.210,TCP,8080(http-alt),55548,269744000.0,83.0,0.0,83.0,194054.0,2338.0,1107.520839,322.0,2962.0,0.0,194054.0,2338.0,2338.0,0.0,1107.520839,0.0,322.0,0.0,2962.0,3289000.0,20739000.0,1000.0,135206000.0,0.0,269744000.0,0.0,3289000.0,0.0,20739000.0,0.0,1000.0,0.0,135206000.0,Malicious
198.199.96.210--138.68.177.159--TCP--58692--8080(http-alt),138.68.177.159,198.199.96.210,TCP,8080(http-alt),58692,537774000.0,83.0,0.0,83.0,193066.0,2326.096386,1129.907914,103.0,2962.0,0.0,193066.0,2326.096386,2326.096386,0.0,1129.907914,0.0,103.0,0.0,2962.0,6558000.0,28905000.0,4000.0,137034000.0,0.0,537774000.0,0.0,6558000.0,0.0,28905000.0,0.0,4000.0,0.0,137034000.0,Malicious
138.68.177.159--198.199.96.210--TCP--8080(http-alt)--43088,198.199.96.210,138.68.177.159,TCP,43088,8080(http-alt),3468207000.0,83.0,0.0,83.0,14023.0,168.951807,152.441725,66.0,400.0,0.0,14023.0,168.951807,168.951807,0.0,152.441725,0.0,66.0,0.0,400.0,42295000.0,60348000.0,5000.0,134855000.0,0.0,3468207000.0,0.0,42295000.0,0.0,60348000.0,0.0,5000.0,0.0,134855000.0,Malicious
138.68.177.159--198.199.96.210--TCP--8080(http-alt)--58896,198.199.96.210,138.68.177.159,TCP,58896,8080(http-alt),3119810000.0,83.0,0.0,83.0,12333.0,148.590361,141.695587,66.0,398.0,0.0,12333.0,148.590361,148.590361,0.0,141.695587,0.0,66.0,0.0,398.0,38046000.0,58110000.0,3000.0,151433000.0,0.0,3119810000.0,0.0,38046000.0,0.0,58110000.0,0.0,3000.0,0.0,151433000.0,Malicious
138.68.177.159--198.199.96.210--TCP--8080(http-alt)--58918,198.199.96.210,138.68.177.159,TCP,58918,8080(http-alt),2489615000.0,63.0,0.0,63.0,9387.0,149.0,141.970487,66.0,398.0,0.0,9387.0,149.0,149.0,0.0,141.970487,0.0,66.0,0.0,398.0,40155000.0,58430000.0,3000.0,151142000.0,0.0,2489615000.0,0.0,40155000.0,0.0,58430000.0,0.0,3000.0,0.0,151142000.0,Malicious
138.68.177.159--198.199.96.210--TCP--8080(http-alt)--55602,198.199.96.210,138.68.177.159,TCP,55602,8080(http-alt),2878167000.0,83.0,0.0,83.0,11366.0,136.939759,134.814138,66.0,398.0,0.0,11366.0,136.939759,136.939759,0.0,134.814138,0.0,66.0,0.0,398.0,35099000.0,56313000.0,4000.0,136221000.0,0.0,2878167000.0,0.0,35099000.0,0.0,56313000.0,0.0,4000.0,0.0,136221000.0,Malicious
198.199.96.210--138.68.177.159--TCP--50058--8080(http-alt),138.68.177.159,198.199.96.210,TCP,8080(http-alt),50058,543354000.0,83.0,0.0,83.0,193066.0,2326.096386,1129.907914,103.0,2962.0,0.0,193066.0,2326.096386,2326.096386,0.0,1129.907914,0.0,103.0,0.0,2962.0,6626000.0,29185000.0,1000.0,136796000.0,0.0,543354000.0,0.0,6626000.0,0.0,29185000.0,0.0,1000.0,0.0,136796000.0,Malicious
138.68.177.159--198.199.96.210--TCP--8080(http-alt)--50270,198.199.96.210,138.68.177.159,TCP,50270,8080(http-alt),2143438000.0,55.0,0.0,55.0,8191.0,148.927273,141.590299,66.0,396.0,0.0,8191.0,148.927273,148.927273,0.0,141.590299,0.0,66.0,0.0,396.0,39693000.0,58964000.0,6000.0,142127000.0,0.0,2143438000.0,0.0,39693000.0,0.0,58964000.0,0.0,6000.0,0.0,142127000.0,Malicious
198.199.96.210--138.68.177.159--TCP--50294--8080(http-alt),138.68.177.159,198.199.96.210,TCP,8080(http-alt),50294,402024000.0,20.0,0.0,20.0,46053.0,2302.65,1127.357808,66.0,2962.0,0.0,46053.0,2302.65,2302.65,0.0,1127.357808,0.0,66.0,0.0,2962.0,21159000.0,40302000.0,3000.0,140499000.0,0.0,402024000.0,0.0,21159000.0,0.0,40302000.0,0.0,3000.0,0.0,140499000.0,Malicious
138.68.177.159--198.199.96.210--TCP--8080(http-alt)--43096,198.199.96.210,138.68.177.159,TCP,43096,8080(http-alt),4260231000.0,83.0,0.0,83.0,15961.0,192.301205,159.456814,66.0,398.0,0.0,15961.0,192.301205,192.301205,0.0,159.456814,0.0,66.0,0.0,398.0,51954000.0,63383000.0,6000.0,140440000.0,0.0,4260231000.0,0.0,51954000.0,0.0,63383000.0,0.0,6000.0,0.0,140440000.0,Malicious
138.68.177.159--198.199.96.210--TCP--8080(http-alt)--58692,198.199.96.210,138.68.177.159,TCP,58692,8080(http-alt),4559699000.0,83.0,0.0,83.0,16580.0,199.759036,160.584819,66.0,400.0,0.0,16580.0,199.759036,199.759036,0.0,160.584819,0.0,66.0,0.0,400.0,55606000.0,63717000.0,3000.0,135912000.0,0.0,4559699000.0,0.0,55606000.0,0.0,63717000.0,0.0,3000.0,0.0,135912000.0,Malicious
138.68.177.159--198.199.96.210--TCP--8080(http-alt)--55100,198.199.96.210,138.68.177.159,TCP,55100,8080(http-alt),3338397000.0,83.0,0.0,83.0,13965.0,168.253012,151.40569,66.0,397.0,0.0,13965.0,168.253012,168.253012,0.0,151.40569,0.0,66.0,0.0,397.0,40712000.0,59692000.0,3000.0,139471000.0,0.0,3338397000.0,0.0,40712000.0,0.0,59692000.0,0.0,3000.0,0.0,139471000.0,Malicious
198.199.96.210--138.68.177.159--TCP--40240--8080(http-alt),138.68.177.159,198.199.96.210,TCP,8080(http-alt),40240,535767000.0,83.0,0.0,83.0,193066.0,2326.096386,1129.907914,103.0,2962.0,0.0,193066.0,2326.096386,2326.096386,0.0,1129.907914,0.0,103.0,0.0,2962.0,6533000.0,28792000.0,1000.0,135442000.0,0.0,535767000.0,0.0,6533000.0,0.0,28792000.0,0.0,1000.0,0.0,135442000.0,Malicious
198.199.96.210--138.68.177.159--TCP--55602--8080(http-alt),138.68.177.159,198.199.96.210,TCP,8080(http-alt),55602,656270000.0,83.0,0.0,83.0,206262.0,2485.084337,986.503882,66.0,2962.0,0.0,206262.0,2485.084337,2485.084337,0.0,986.503882,0.0,66.0,0.0,2962.0,8003000.0,31349000.0,4000.0,134206000.0,0.0,656270000.0,0.0,8003000.0,0.0,31349000.0,0.0,4000.0,0.0,134206000.0,Malicious
138.68.177.159--198.199.96.210--TCP--8080(http-alt)--40384,198.199.96.210,138.68.177.159,TCP,40384,8080(http-alt),3847681000.0,83.0,0.0,83.0,14984.0,180.53012,156.314815,66.0,412.0,0.0,14984.0,180.53012,180.53012,0.0,156.314815,0.0,66.0,0.0,412.0,46922000.0,61894000.0,3000.0,133617000.0,0.0,3847681000.0,0.0,46922000.0,0.0,61894000.0,0.0,3000.0,0.0,133617000.0,Malicious
138.68.177.159--198.199.96.210--TCP--8080(http-alt)--55612,198.199.96.210,138.68.177.159,TCP,55612,8080(http-alt),2572443000.0,83.0,0.0,83.0,10411.0,125.433735,126.304394,66.0,399.0,0.0,10411.0,125.433735,125.433735,0.0,126.304394,0.0,66.0,0.0,399.0,31371000.0,52726000.0,5000.0,135707000.0,0.0,2572443000.0,0.0,31371000.0,0.0,52726000.0,0.0,5000.0,0.0,135707000.0,Malicious
138.68.177.159--198.199.96.210--TCP--8080(http-alt)--50290,198.199.96.210,138.68.177.159,TCP,50290,8080(http-alt),528135000.0,15.0,0.0,15.0,1647.0,109.8,110.118845,66.0,392.0,0.0,1647.0,109.8,109.8,0.0,110.118845,0.0,66.0,0.0,392.0,37723000.0,54184000.0,3000.0,133354000.0,0.0,528135000.0,0.0,37723000.0,0.0,54184000.0,0.0,3000.0,0.0,133354000.0,Malicious
138.68.177.159--198.199.96.210--TCP--8080(http-alt)--36860,198.199.96.210,138.68.177.159,TCP,36860,8080(http-alt),4036150000.0,74.0,0.0,74.0,14695.0,198.581081,160.574224,66.0,402.0,0.0,14695.0,198.581081,198.581081,0.0,160.574224,0.0,66.0,0.0,402.0,55289000.0,63603000.0,9000.0,134252000.0,0.0,4036150000.0,0.0,55289000.0,0.0,63603000.0,0.0,9000.0,0.0,134252000.0,Malicious
198.199.96.210--138.68.177.159--TCP--55098--8080(http-alt),138.68.177.159,198.199.96.210,TCP,8080(http-alt),55098,530592000.0,83.0,0.0,83.0,193066.0,2326.096386,1129.907914,103.0,2962.0,0.0,193066.0,2326.096386,2326.096386,0.0,1129.907914,0.0,103.0,0.0,2962.0,6470000.0,28514000.0,4000.0,133599000.0,0.0,530592000.0,0.0,6470000.0,0.0,28514000.0,0.0,4000.0,0.0,133599000.0,Malicious
138.68.177.159--198.199.96.210--TCP--8080(http-alt)--37122,198.199.96.210,138.68.177.159,TCP,37122,8080(http-alt),1472852000.0,50.0,0.0,50.0,6584.0,131.68,130.976248,66.0,400.0,0.0,6584.0,131.68,131.68,0.0,130.976248,0.0,66.0,0.0,400.0,30058000.0,52757000.0,3000.0,144106000.0,0.0,1472852000.0,0.0,30058000.0,0.0,52757000.0,0.0,3000.0,0.0,144106000.0,Malicious
198.199.96.210--138.68.177.159--TCP--50290--8080(http-alt),138.68.177.159,198.199.96.210,TCP,8080(http-alt),50290,528551000.0,39.0,0.0,39.0,92032.0,2359.794872,1091.522817,66.0,2962.0,0.0,92032.0,2359.794872,2359.794872,0.0,1091.522817,0.0,66.0,0.0,2962.0,13909000.0,35836000.0,3000.0,133362000.0,0.0,528551000.0,0.0,13909000.0,0.0,35836000.0,0.0,3000.0,0.0,133362000.0,Malicious
138.68.177.159--198.199.96.210--TCP--8080(http-alt)--55088,198.199.96.210,138.68.177.159,TCP,55088,8080(http-alt),3752998000.0,83.0,0.0,83.0,14653.0,176.542169,154.940198,66.0,408.0,0.0,14653.0,176.542169,176.542169,0.0,154.940198,0.0,66.0,0.0,408.0,45768000.0,61721000.0,4000.0,143103000.0,0.0,3752998000.0,0.0,45768000.0,0.0,61721000.0,0.0,4000.0,0.0,143103000.0,Malicious
198.199.96.210--138.68.177.159--TCP--55104--8080(http-alt),138.68.177.159,198.199.96.210,TCP,8080(http-alt),55104,531050000.0,83.0,0.0,83.0,193066.0,2326.096386,1129.907914,103.0,2962.0,0.0,193066.0,2326.096386,2326.096386,0.0,1129.907914,0.0,103.0,0.0,2962.0,6476000.0,28549000.0,1000.0,134622000.0,0.0,531050000.0,0.0,6476000.0,0.0,28549000.0,0.0,1000.0,0.0,134622000.0,Malicious
198.199.96.210--138.68.177.159--TCP--43038--8080(http-alt),138.68.177.159,198.199.96.210,TCP,8080(http-alt),43038,537973000.0,83.0,0.0,83.0,193066.0,2326.096386,1129.907914,103.0,2962.0,0.0,193066.0,2326.096386,2326.096386,0.0,1129.907914,0.0,103.0,0.0,2962.0,6560000.0,28903000.0,1000.0,135943000.0,0.0,537973000.0,0.0,6560000.0,0.0,28903000.0,0.0,1000.0,0.0,135943000.0,Malicious
138.68.177.159--198.199.96.210--TCP--8080(http-alt)--38776,198.199.96.210,138.68.177.159,TCP,38776,8080(http-alt),6445381000.0,50.0,0.0,50.0,17715.0,354.3,5.158488,347.0,374.0,0.0,17715.0,354.3,354.3,0.0,5.158488,0.0,347.0,0.0,374.0,131538000.0,3253000.0,129743000.0,148548000.0,0.0,6445381000.0,0.0,131538000.0,0.0,3253000.0,0.0,129743000.0,0.0,148548000.0,Malicious
198.199.96.210--138.68.177.159--TCP--55058--8080(http-alt),138.68.177.159,198.199.96.210,TCP,8080(http-alt),55058,537703000.0,83.0,0.0,83.0,193066.0,2326.096386,1129.907914,103.0,2962.0,0.0,193066.0,2326.096386,2326.096386,0.0,1129.907914,0.0,103.0,0.0,2962.0,6557000.0,28915000.0,1000.0,136088000.0,0.0,537703000.0,0.0,6557000.0,0.0,28915000.0,0.0,1000.0,0.0,136088000.0,Malicious
138.68.177.159--198.199.96.210--TCP--8080(http-alt)--38792,198.199.96.210,138.68.177.159,TCP,38792,8080(http-alt),6439338000.0,50.0,0.0,50.0,17743.0,354.86,5.929621,346.0,371.0,0.0,17743.0,354.86,354.86,0.0,5.929621,0.0,346.0,0.0,371.0,131415000.0,2491000.0,129560000.0,143452000.0,0.0,6439338000.0,0.0,131415000.0,0.0,2491000.0,0.0,129560000.0,0.0,143452000.0,Malicious
198.199.96.210--138.68.177.159--TCP--36856--8080(http-alt),138.68.177.159,198.199.96.210,TCP,8080(http-alt),36856,528296000.0,83.0,0.0,83.0,195182.0,2351.590361,1078.55842,378.0,2962.0,0.0,195182.0,2351.590361,2351.590361,0.0,1078.55842,0.0,378.0,0.0,2962.0,6442000.0,28385000.0,4000.0,132705000.0,0.0,528296000.0,0.0,6442000.0,0.0,28385000.0,0.0,4000.0,0.0,132705000.0,Malicious
198.199.96.210--138.68.177.159--TCP--55066--8080(http-alt),138.68.177.159,198.199.96.210,TCP,8080(http-alt),55066,534160000.0,83.0,0.0,83.0,193066.0,2326.096386,1129.907914,103.0,2962.0,0.0,193066.0,2326.096386,2326.096386,0.0,1129.907914,0.0,103.0,0.0,2962.0,6514000.0,28704000.0,2000.0,134865000.0,0.0,534160000.0,0.0,6514000.0,0.0,28704000.0,0.0,2000.0,0.0,134865000.0,Malicious
198.199.96.210--138.68.177.159--TCP--40188--8080(http-alt),138.68.177.159,198.199.96.210,TCP,8080(http-alt),40188,536287000.0,83.0,0.0,83.0,193066.0,2326.096386,1129.907914,103.0,2962.0,0.0,193066.0,2326.096386,2326.096386,0.0,1129.907914,0.0,103.0,0.0,2962.0,6540000.0,28829000.0,1000.0,135873000.0,0.0,536287000.0,0.0,6540000.0,0.0,28829000.0,0.0,1000.0,0.0,135873000.0,Malicious
138.68.177.159--198.199.96.210--TCP--8080(http-alt)--58892,198.199.96.210,138.68.177.159,TCP,58892,8080(http-alt),2680742000.0,83.0,0.0,83.0,11028.0,132.86747,131.520008,66.0,395.0,0.0,11028.0,132.86747,132.86747,0.0,131.520008,0.0,66.0,0.0,395.0,32691000.0,54701000.0,3000.0,136641000.0,0.0,2680742000.0,0.0,32691000.0,0.0,54701000.0,0.0,3000.0,0.0,136641000.0,Malicious
198.199.96.210--138.68.177.159--TCP--38072--8080(http-alt),138.68.177.159,198.199.96.210,TCP,8080(http-alt),38072,543628000.0,83.0,0.0,83.0,193066.0,2326.096386,1129.907914,103.0,2962.0,0.0,193066.0,2326.096386,2326.096386,0.0,1129.907914,0.0,103.0,0.0,2962.0,6629000.0,29218000.0,1000.0,136307000.0,0.0,543628000.0,0.0,6629000.0,0.0,29218000.0,0.0,1000.0,0.0,136307000.0,Malicious
198.199.96.210--138.68.177.159--TCP--55562--8080(http-alt),138.68.177.159,198.199.96.210,TCP,8080(http-alt),55562,269613000.0,83.0,0.0,83.0,194054.0,2338.0,1107.520839,322.0,2962.0,0.0,194054.0,2338.0,2338.0,0.0,1107.520839,0.0,322.0,0.0,2962.0,3287000.0,20691000.0,1000.0,134653000.0,0.0,269613000.0,0.0,3287000.0,0.0,20691000.0,0.0,1000.0,0.0,134653000.0,Malicious
138.68.177.159--198.199.96.210--TCP--8080(http-alt)--55366,198.199.96.210,138.68.177.159,TCP,55366,8080(http-alt),688781000.0,15.0,0.0,15.0,2623.0,174.866667,153.961842,66.0,394.0,0.0,2623.0,174.866667,174.866667,0.0,153.961842,0.0,66.0,0.0,394.0,49198000.0,60816000.0,214000.0,135214000.0,0.0,688781000.0,0.0,49198000.0,0.0,60816000.0,0.0,214000.0,0.0,135214000.0,Malicious
138.68.177.159--198.199.96.210--TCP--8080(http-alt)--55622,198.199.96.210,138.68.177.159,TCP,55622,8080(http-alt),2455097000.0,83.0,0.0,83.0,10724.0,129.204819,129.10328,66.0,398.0,0.0,10724.0,129.204819,129.204819,0.0,129.10328,0.0,66.0,0.0,398.0,29940000.0,52284000.0,3000.0,134402000.0,0.0,2455097000.0,0.0,29940000.0,0.0,52284000.0,0.0,3000.0,0.0,134402000.0,Malicious
198.199.96.210--138.68.177.159--TCP--55376--8080(http-alt),138.68.177.159,198.199.96.210,TCP,8080(http-alt),55376,287538000.0,83.0,0.0,83.0,194054.0,2338.0,1107.520839,322.0,2962.0,0.0,194054.0,2338.0,2338.0,0.0,1107.520839,0.0,322.0,0.0,2962.0,3506000.0,22038000.0,1000.0,143508000.0,0.0,287538000.0,0.0,3506000.0,0.0,22038000.0,0.0,1000.0,0.0,143508000.0,Malicious
198.199.96.210--138.68.177.159--TCP--38794--8080(http-alt),138.68.177.159,198.199.96.210,TCP,8080(http-alt),38794,6436421000.0,50.0,0.0,50.0,8750.0,175.0,0.0,175.0,175.0,0.0,8750.0,175.0,175.0,0.0,0.0,0.0,175.0,0.0,175.0,131355000.0,2618000.0,129558000.0,145108000.0,0.0,6436421000.0,0.0,131355000.0,0.0,2618000.0,0.0,129558000.0,0.0,145108000.0,Malicious
138.68.177.159--198.199.96.210--TCP--8080(http-alt)--43092,198.199.96.210,138.68.177.159,TCP,43092,8080(http-alt),3726962000.0,83.0,0.0,83.0,14969.0,180.349398,156.045517,66.0,398.0,0.0,14969.0,180.349398,180.349398,0.0,156.045517,0.0,66.0,0.0,398.0,45450000.0,61234000.0,3000.0,134390000.0,0.0,3726962000.0,0.0,45450000.0,0.0,61234000.0,0.0,3000.0,0.0,134390000.0,Malicious
138.68.177.159--198.199.96.210--TCP--8080(http-alt)--55562,198.199.96.210,138.68.177.159,TCP,55562,8080(http-alt),4057925000.0,83.0,0.0,83.0,15268.0,183.951807,156.787855,66.0,399.0,0.0,15268.0,183.951807,183.951807,0.0,156.787855,0.0,66.0,0.0,399.0,49486000.0,61945000.0,6000.0,135289000.0,0.0,4057925000.0,0.0,49486000.0,0.0,61945000.0,0.0,6000.0,0.0,135289000.0,Malicious
198.199.96.210--138.68.177.159--TCP--38728--8080(http-alt),138.68.177.159,198.199.96.210,TCP,8080(http-alt),38728,6439276000.0,50.0,0.0,50.0,8750.0,175.0,0.0,175.0,175.0,0.0,8750.0,175.0,175.0,0.0,0.0,0.0,175.0,0.0,175.0,131413000.0,2428000.0,129587000.0,143760000.0,0.0,6439276000.0,0.0,131413000.0,0.0,2428000.0,0.0,129587000.0,0.0,143760000.0,Malicious
198.199.96.210--138.68.177.159--TCP--58892--8080(http-alt),138.68.177.159,198.199.96.210,TCP,8080(http-alt),58892,935512000.0,83.0,0.0,83.0,193386.0,2329.951807,1118.803512,66.0,2962.0,0.0,193386.0,2329.951807,2329.951807,0.0,1118.803512,0.0,66.0,0.0,2962.0,11408000.0,34952000.0,2000.0,140769000.0,0.0,935512000.0,0.0,11408000.0,0.0,34952000.0,0.0,2000.0,0.0,140769000.0,Malicious
198.199.96.210--138.68.177.159--TCP--58644--8080(http-alt),138.68.177.159,198.199.96.210,TCP,8080(http-alt),58644,546107000.0,83.0,0.0,83.0,193066.0,2326.096386,1129.907914,103.0,2962.0,0.0,193066.0,2326.096386,2326.096386,0.0,1129.907914,0.0,103.0,0.0,2962.0,6659000.0,29339000.0,1000.0,138414000.0,0.0,546107000.0,0.0,6659000.0,0.0,29339000.0,0.0,1000.0,0.0,138414000.0,Malicious
198.199.96.210--138.68.177.159--TCP--50066--8080(http-alt),138.68.177.159,198.199.96.210,TCP,8080(http-alt),50066,539570000.0,83.0,0.0,83.0,193066.0,2326.096386,1129.907914,103.0,2962.0,0.0,193066.0,2326.096386,2326.096386,0.0,1129.907914,0.0,103.0,0.0,2962.0,6580000.0,29007000.0,1000.0,136093000.0,0.0,539570000.0,0.0,6580000.0,0.0,29007000.0,0.0,1000.0,0.0,136093000.0,Malicious
138.68.177.159--198.199.96.210--TCP--8080(http-alt)--36850,198.199.96.210,138.68.177.159,TCP,36850,8080(http-alt),3628611000.0,66.0,0.0,66.0,13197.0,199.954545,161.002205,66.0,399.0,0.0,13197.0,199.954545,199.954545,0.0,161.002205,0.0,66.0,0.0,399.0,55824000.0,63986000.0,4000.0,137406000.0,0.0,3628611000.0,0.0,55824000.0,0.0,63986000.0,0.0,4000.0,0.0,137406000.0,Malicious
198.199.96.210--138.68.177.159--TCP--58936--8080(http-alt),138.68.177.159,198.199.96.210,TCP,8080(http-alt),58936,924086000.0,83.0,0.0,83.0,193386.0,2329.951807,1118.803512,66.0,2962.0,0.0,193386.0,2329.951807,2329.951807,0.0,1118.803512,0.0,66.0,0.0,2962.0,11269000.0,34283000.0,2000.0,133763000.0,0.0,924086000.0,0.0,11269000.0,0.0,34283000.0,0.0,2000.0,0.0,133763000.0,Malicious
198.199.96.210--138.68.177.159--TCP--58640--8080(http-alt),138.68.177.159,198.199.96.210,TCP,8080(http-alt),58640,544501000.0,83.0,0.0,83.0,193066.0,2326.096386,1129.907914,103.0,2962.0,0.0,193066.0,2326.096386,2326.096386,0.0,1129.907914,0.0,103.0,0.0,2962.0,6640000.0,29267000.0,1000.0,137712000.0,0.0,544501000.0,0.0,6640000.0,0.0,29267000.0,0.0,1000.0,0.0,137712000.0,Malicious
138.68.177.159--198.199.96.210--TCP--8080(http-alt)--50020,198.199.96.210,138.68.177.159,TCP,50020,8080(http-alt),4288024000.0,81.0,0.0,81.0,15816.0,195.259259,159.954838,66.0,398.0,0.0,15816.0,195.259259,195.259259,0.0,159.954838,0.0,66.0,0.0,398.0,53600000.0,63137000.0,8000.0,134416000.0,0.0,4288024000.0,0.0,53600000.0,0.0,63137000.0,0.0,8000.0,0.0,134416000.0,Malicious
138.68.177.159--198.199.96.210--TCP--8080(http-alt)--55620,198.199.96.210,138.68.177.159,TCP,55620,8080(http-alt),2946326000.0,83.0,0.0,83.0,11387.0,137.192771,135.060759,66.0,399.0,0.0,11387.0,137.192771,137.192771,0.0,135.060759,0.0,66.0,0.0,399.0,35930000.0,56565000.0,2000.0,133469000.0,0.0,2946326000.0,0.0,35930000.0,0.0,56565000.0,0.0,2000.0,0.0,133469000.0,Malicious
198.199.96.210--138.68.177.159--TCP--55344--8080(http-alt),138.68.177.159,198.199.96.210,TCP,8080(http-alt),55344,141732000.0,38.0,0.0,38.0,83471.0,2196.605263,1200.857315,66.0,2962.0,0.0,83471.0,2196.605263,2196.605263,0.0,1200.857315,0.0,66.0,0.0,2962.0,3830000.0,22923000.0,1000.0,141421000.0,0.0,141732000.0,0.0,3830000.0,0.0,22923000.0,0.0,1000.0,0.0,141421000.0,Malicious
198.199.96.210--138.68.177.159--TCP--55620--8080(http-alt),138.68.177.159,198.199.96.210,TCP,8080(http-alt),55620,802042000.0,83.0,0.0,83.0,203374.0,2450.289157,1019.450319,66.0,2962.0,0.0,203374.0,2450.289157,2450.289157,0.0,1019.450319,0.0,66.0,0.0,2962.0,9781000.0,32060000.0,2000.0,139476000.0,0.0,802042000.0,0.0,9781000.0,0.0,32060000.0,0.0,2000.0,0.0,139476000.0,Malicious
198.199.96.210--138.68.177.159--TCP--40238--8080(http-alt),138.68.177.159,198.199.96.210,TCP,8080(http-alt),40238,539149000.0,83.0,0.0,83.0,193066.0,2326.096386,1129.907914,103.0,2962.0,0.0,193066.0,2326.096386,2326.096386,0.0,1129.907914,0.0,103.0,0.0,2962.0,6574000.0,28937000.0,1000.0,135852000.0,0.0,539149000.0,0.0,6574000.0,0.0,28937000.0,0.0,1000.0,0.0,135852000.0,Malicious
198.199.96.210--138.68.177.159--TCP--55352--8080(http-alt),138.68.177.159,198.199.96.210,TCP,8080(http-alt),55352,264862000.0,83.0,0.0,83.0,194054.0,2338.0,1107.520839,322.0,2962.0,0.0,194054.0,2338.0,2338.0,0.0,1107.520839,0.0,322.0,0.0,2962.0,3230000.0,20368000.0,5000.0,132078000.0,0.0,264862000.0,0.0,3230000.0,0.0,20368000.0,0.0,5000.0,0.0,132078000.0,Malicious
138.68.177.159--198.199.96.210--TCP--8080(http-alt)--58904,198.199.96.210,138.68.177.159,TCP,58904,8080(http-alt),3261077000.0,83.0,0.0,83.0,12333.0,148.590361,141.695247,66.0,398.0,0.0,12333.0,148.590361,148.590361,0.0,141.695247,0.0,66.0,0.0,398.0,39769000.0,59263000.0,3000.0,155199000.0,0.0,3261077000.0,0.0,39769000.0,0.0,59263000.0,0.0,3000.0,0.0,155199000.0,Malicious
198.199.96.210--138.68.177.159--TCP--36866--8080(http-alt),138.68.177.159,198.199.96.210,TCP,8080(http-alt),36866,541786000.0,83.0,0.0,83.0,195182.0,2351.590361,1078.55842,378.0,2962.0,0.0,195182.0,2351.590361,2351.590361,0.0,1078.55842,0.0,378.0,0.0,2962.0,6607000.0,29119000.0,1000.0,137827000.0,0.0,541786000.0,0.0,6607000.0,0.0,29119000.0,0.0,1000.0,0.0,137827000.0,Malicious
138.68.177.159--198.199.96.210--TCP--8080(http-alt)--58900,198.199.96.210,138.68.177.159,TCP,58900,8080(http-alt),2975000000.0,83.0,0.0,83.0,12006.0,144.650602,139.369443,66.0,393.0,0.0,12006.0,144.650602,144.650602,0.0,139.369443,0.0,66.0,0.0,393.0,36280000.0,57464000.0,3000.0,153487000.0,0.0,2975000000.0,0.0,36280000.0,0.0,57464000.0,0.0,3000.0,0.0,153487000.0,Malicious
138.68.177.159--198.199.96.210--TCP--8080(http-alt)--38778,198.199.96.210,138.68.177.159,TCP,38778,8080(http-alt),6440780000.0,50.0,0.0,50.0,17745.0,354.9,5.862593,348.0,374.0,0.0,17745.0,354.9,354.9,0.0,5.862593,0.0,348.0,0.0,374.0,131444000.0,3193000.0,129651000.0,145190000.0,0.0,6440780000.0,0.0,131444000.0,0.0,3193000.0,0.0,129651000.0,0.0,145190000.0,Malicious
138.68.177.159--198.199.96.210--TCP--8080(http-alt)--58936,198.199.96.210,138.68.177.159,TCP,58936,8080(http-alt),923966000.0,29.0,0.0,29.0,3555.0,122.586207,123.261292,66.0,398.0,0.0,3555.0,122.586207,122.586207,0.0,123.261292,0.0,66.0,0.0,398.0,32998000.0,53028000.0,2000.0,133357000.0,0.0,923966000.0,0.0,32998000.0,0.0,53028000.0,0.0,2000.0,0.0,133357000.0,Malicious
198.199.96.210--138.68.177.159--TCP--58632--8080(http-alt),138.68.177.159,198.199.96.210,TCP,8080(http-alt),58632,543801000.0,83.0,0.0,83.0,193066.0,2326.096386,1129.907914,103.0,2962.0,0.0,193066.0,2326.096386,2326.096386,0.0,1129.907914,0.0,103.0,0.0,2962.0,6631000.0,29224000.0,1000.0,137565000.0,0.0,543801000.0,0.0,6631000.0,0.0,29224000.0,0.0,1000.0,0.0,137565000.0,Malicious
138.68.177.159--198.199.96.210--TCP--8080(http-alt)--37104,198.199.96.210,138.68.177.159,TCP,37104,8080(http-alt),2622058000.0,59.0,0.0,59.0,9830.0,166.610169,151.564946,66.0,402.0,0.0,9830.0,166.610169,166.610169,0.0,151.564946,0.0,66.0,0.0,402.0,45207000.0,61053000.0,3000.0,142473000.0,0.0,2622058000.0,0.0,45207000.0,0.0,61053000.0,0.0,3000.0,0.0,142473000.0,Malicious
198.199.96.210--138.68.177.159--TCP--38770--8080(http-alt),138.68.177.159,198.199.96.210,TCP,8080(http-alt),38770,6439208000.0,50.0,0.0,50.0,8750.0,175.0,0.0,175.0,175.0,0.0,8750.0,175.0,175.0,0.0,0.0,0.0,175.0,0.0,175.0,131412000.0,2432000.0,129606000.0,143552000.0,0.0,6439208000.0,0.0,131412000.0,0.0,2432000.0,0.0,129606000.0,0.0,143552000.0,Malicious
138.68.177.159--198.199.96.210--TCP--8080(http-alt)--43284,198.199.96.210,138.68.177.159,TCP,43284,8080(http-alt),654964000.0,20.0,0.0,20.0,2308.0,115.4,116.490085,66.0,395.0,0.0,2308.0,115.4,115.4,0.0,116.490085,0.0,66.0,0.0,395.0,34471000.0,52938000.0,3000.0,131673000.0,0.0,654964000.0,0.0,34471000.0,0.0,52938000.0,0.0,3000.0,0.0,131673000.0,Malicious
198.199.96.210--138.68.177.159--TCP--40182--8080(http-alt),138.68.177.159,198.199.96.210,TCP,8080(http-alt),40182,539931000.0,83.0,0.0,83.0,193066.0,2326.096386,1129.907914,103.0,2962.0,0.0,193066.0,2326.096386,2326.096386,0.0,1129.907914,0.0,103.0,0.0,2962.0,6584000.0,29018000.0,1000.0,137141000.0,0.0,539931000.0,0.0,6584000.0,0.0,29018000.0,0.0,1000.0,0.0,137141000.0,Malicious
138.68.177.159--198.199.96.210--TCP--8080(http-alt)--40254,198.199.96.210,138.68.177.159,TCP,40254,8080(http-alt),3328970000.0,83.0,0.0,83.0,13970.0,168.313253,151.513881,66.0,409.0,0.0,13970.0,168.313253,168.313253,0.0,151.513881,0.0,66.0,0.0,409.0,40597000.0,59945000.0,5000.0,138519000.0,0.0,3328970000.0,0.0,40597000.0,0.0,59945000.0,0.0,5000.0,0.0,138519000.0,Malicious
138.68.177.159--198.199.96.210--TCP--8080(http-alt)--37118,198.199.96.210,138.68.177.159,TCP,37118,8080(http-alt),1611439000.0,48.0,0.0,48.0,6773.0,141.104167,137.361937,66.0,399.0,0.0,6773.0,141.104167,141.104167,0.0,137.361937,0.0,66.0,0.0,399.0,34285000.0,55246000.0,2000.0,135242000.0,0.0,1611439000.0,0.0,34285000.0,0.0,55246000.0,0.0,2000.0,0.0,135242000.0,Malicious
198.199.96.210--138.68.177.159--TCP--43110--8080(http-alt),138.68.177.159,198.199.96.210,TCP,8080(http-alt),43110,534420000.0,83.0,0.0,83.0,193066.0,2326.096386,1129.907914,103.0,2962.0,0.0,193066.0,2326.096386,2326.096386,0.0,1129.907914,0.0,103.0,0.0,2962.0,6517000.0,28724000.0,2000.0,134421000.0,0.0,534420000.0,0.0,6517000.0,0.0,28724000.0,0.0,2000.0,0.0,134421000.0,Malicious
138.68.177.159--198.199.96.210--TCP--8080(http-alt)--40432,198.199.96.210,138.68.177.159,TCP,40432,8080(http-alt),3469043000.0,83.0,0.0,83.0,12376.0,149.108434,142.596069,66.0,408.0,0.0,12376.0,149.108434,149.108434,0.0,142.596069,0.0,66.0,0.0,408.0,42305000.0,58875000.0,4000.0,133652000.0,0.0,3469043000.0,0.0,42305000.0,0.0,58875000.0,0.0,4000.0,0.0,133652000.0,Malicious
198.199.96.210--138.68.177.159--TCP--38778--8080(http-alt),138.68.177.159,198.199.96.210,TCP,8080(http-alt),38778,6440845000.0,50.0,0.0,50.0,8750.0,175.0,0.0,175.0,175.0,0.0,8750.0,175.0,175.0,0.0,0.0,0.0,175.0,0.0,175.0,131445000.0,3196000.0,129664000.0,145187000.0,0.0,6440845000.0,0.0,131445000.0,0.0,3196000.0,0.0,129664000.0,0.0,145187000.0,Malicious
198.199.96.210--138.68.177.159--TCP--55346--8080(http-alt),138.68.177.159,198.199.96.210,TCP,8080(http-alt),55346,286296000.0,74.0,0.0,74.0,166791.0,2253.932432,1164.480818,66.0,2962.0,0.0,166791.0,2253.932432,2253.932432,0.0,1164.480818,0.0,66.0,0.0,2962.0,3921000.0,23275000.0,1000.0,142843000.0,0.0,286296000.0,0.0,3921000.0,0.0,23275000.0,0.0,1000.0,0.0,142843000.0,Malicious
198.199.96.210--138.68.177.159--TCP--43076--8080(http-alt),138.68.177.159,198.199.96.210,TCP,8080(http-alt),43076,529032000.0,83.0,0.0,83.0,193066.0,2326.096386,1129.907914,103.0,2962.0,0.0,193066.0,2326.096386,2326.096386,0.0,1129.907914,0.0,103.0,0.0,2962.0,6451000.0,28414000.0,5000.0,132625000.0,0.0,529032000.0,0.0,6451000.0,0.0,28414000.0,0.0,5000.0,0.0,132625000.0,Malicious
138.68.177.159--198.199.96.210--TCP--8080(http-alt)--58884,198.199.96.210,138.68.177.159,TCP,58884,8080(http-alt),3369155000.0,83.0,0.0,83.0,12980.0,156.385542,145.779982,66.0,400.0,0.0,12980.0,156.385542,156.385542,0.0,145.779982,0.0,66.0,0.0,400.0,41087000.0,59551000.0,3000.0,143756000.0,0.0,3369155000.0,0.0,41087000.0,0.0,59551000.0,0.0,3000.0,0.0,143756000.0,Malicious
138.68.177.159--198.199.96.210--TCP--8080(http-alt)--37034,198.199.96.210,138.68.177.159,TCP,37034,8080(http-alt),3449494000.0,83.0,0.0,83.0,13977.0,168.39759,151.626041,66.0,398.0,0.0,13977.0,168.39759,168.39759,0.0,151.626041,0.0,66.0,0.0,398.0,42067000.0,60185000.0,3000.0,136131000.0,0.0,3449494000.0,0.0,42067000.0,0.0,60185000.0,0.0,3000.0,0.0,136131000.0,Malicious
198.199.96.210--138.68.177.159--TCP--40264--8080(http-alt),138.68.177.159,198.199.96.210,TCP,8080(http-alt),40264,528467000.0,83.0,0.0,83.0,193066.0,2326.096386,1129.907914,103.0,2962.0,0.0,193066.0,2326.096386,2326.096386,0.0,1129.907914,0.0,103.0,0.0,2962.0,6444000.0,28404000.0,4000.0,132761000.0,0.0,528467000.0,0.0,6444000.0,0.0,28404000.0,0.0,4000.0,0.0,132761000.0,Malicious
138.68.177.159--198.199.96.210--TCP--8080(http-alt)--50058,198.199.96.210,138.68.177.159,TCP,50058,8080(http-alt),4027945000.0,83.0,0.0,83.0,15594.0,187.879518,157.858362,66.0,396.0,0.0,15594.0,187.879518,187.879518,0.0,157.858362,0.0,66.0,0.0,396.0,49121000.0,62598000.0,3000.0,138003000.0,0.0,4027945000.0,0.0,49121000.0,0.0,62598000.0,0.0,3000.0,0.0,138003000.0,Malicious
138.68.177.159--198.199.96.210--TCP--8080(http-alt)--55610,198.199.96.210,138.68.177.159,TCP,55610,8080(http-alt),2542058000.0,83.0,0.0,83.0,10715.0,129.096386,128.881436,66.0,399.0,0.0,10715.0,129.096386,129.096386,0.0,128.881436,0.0,66.0,0.0,399.0,31000000.0,53577000.0,3000.0,134116000.0,0.0,2542058000.0,0.0,31000000.0,0.0,53577000.0,0.0,3000.0,0.0,134116000.0,Malicious
138.68.177.159--198.199.96.210--TCP--8080(http-alt)--40180,198.199.96.210,138.68.177.159,TCP,40180,8080(http-alt),1219827000.0,27.0,0.0,27.0,4729.0,175.148148,154.409437,66.0,412.0,0.0,4729.0,175.148148,175.148148,0.0,154.409437,0.0,66.0,0.0,412.0,46916000.0,61132000.0,16000.0,137134000.0,0.0,1219827000.0,0.0,46916000.0,0.0,61132000.0,0.0,16000.0,0.0,137134000.0,Malicious
138.68.177.159--198.199.96.210--TCP--8080(http-alt)--43038,198.199.96.210,138.68.177.159,TCP,43038,8080(http-alt),4009904000.0,83.0,0.0,83.0,15304.0,184.385542,157.364731,66.0,400.0,0.0,15304.0,184.385542,184.385542,0.0,157.364731,0.0,66.0,0.0,400.0,48901000.0,62485000.0,4000.0,137209000.0,0.0,4009904000.0,0.0,48901000.0,0.0,62485000.0,0.0,4000.0,0.0,137209000.0,Malicious
138.68.177.159--198.199.96.210--TCP--8080(http-alt)--36856,198.199.96.210,138.68.177.159,TCP,36856,8080(http-alt),3885508000.0,79.0,0.0,79.0,14705.0,186.139241,157.758326,66.0,401.0,0.0,14705.0,186.139241,186.139241,0.0,157.758326,0.0,66.0,0.0,401.0,49814000.0,62437000.0,4000.0,134528000.0,0.0,3885508000.0,0.0,49814000.0,0.0,62437000.0,0.0,4000.0,0.0,134528000.0,Malicious
138.68.177.159--198.199.96.210--TCP--8080(http-alt)--38184,198.199.96.210,138.68.177.159,TCP,38184,8080(http-alt),3594670000.0,83.0,0.0,83.0,14304.0,172.337349,153.147875,66.0,398.0,0.0,14304.0,172.337349,172.337349,0.0,153.147875,0.0,66.0,0.0,398.0,43837000.0,60860000.0,4000.0,133975000.0,0.0,3594670000.0,0.0,43837000.0,0.0,60860000.0,0.0,4000.0,0.0,133975000.0,Malicious
198.199.96.210--138.68.177.159--TCP--38796--8080(http-alt),138.68.177.159,198.199.96.210,TCP,8080(http-alt),38796,6437923000.0,50.0,0.0,50.0,8750.0,175.0,0.0,175.0,175.0,0.0,8750.0,175.0,175.0,0.0,0.0,0.0,175.0,0.0,175.0,131386000.0,2630000.0,129617000.0,145008000.0,0.0,6437923000.0,0.0,131386000.0,0.0,2630000.0,0.0,129617000.0,0.0,145008000.0,Malicious
198.199.96.210--138.68.177.159--TCP--37034--8080(http-alt),138.68.177.159,198.199.96.210,TCP,8080(http-alt),37034,655220000.0,83.0,0.0,83.0,195494.0,2355.349398,1068.303513,66.0,2962.0,0.0,195494.0,2355.349398,2355.349398,0.0,1068.303513,0.0,66.0,0.0,2962.0,7990000.0,31288000.0,4000.0,131319000.0,0.0,655220000.0,0.0,7990000.0,0.0,31288000.0,0.0,4000.0,0.0,131319000.0,Malicious
138.68.177.159--198.199.96.210--TCP--8080(http-alt)--55548,198.199.96.210,138.68.177.159,TCP,55548,8080(http-alt),4397224000.0,83.0,0.0,83.0,15933.0,191.963855,159.031136,66.0,399.0,0.0,15933.0,191.963855,191.963855,0.0,159.031136,0.0,66.0,0.0,399.0,53624000.0,62652000.0,3000.0,145670000.0,0.0,4397224000.0,0.0,53624000.0,0.0,62652000.0,0.0,3000.0,0.0,145670000.0,Malicious
198.199.96.210--138.68.177.159--TCP--38340--8080(http-alt),138.68.177.159,198.199.96.210,TCP,8080(http-alt),38340,941578000.0,83.0,0.0,83.0,193386.0,2329.951807,1118.803512,66.0,2962.0,0.0,193386.0,2329.951807,2329.951807,0.0,1118.803512,0.0,66.0,0.0,2962.0,11482000.0,35245000.0,5000.0,154941000.0,0.0,941578000.0,0.0,11482000.0,0.0,35245000.0,0.0,5000.0,0.0,154941000.0,Malicious
198.199.96.210--138.68.177.159--TCP--58702--8080(http-alt),138.68.177.159,198.199.96.210,TCP,8080(http-alt),58702,546410000.0,83.0,0.0,83.0,193066.0,2326.096386,1129.907914,103.0,2962.0,0.0,193066.0,2326.096386,2326.096386,0.0,1129.907914,0.0,103.0,0.0,2962.0,6663000.0,29358000.0,2000.0,138056000.0,0.0,546410000.0,0.0,6663000.0,0.0,29358000.0,0.0,2000.0,0.0,138056000.0,Malicious
138.68.177.159--198.199.96.210--TCP--8080(http-alt)--58912,198.199.96.210,138.68.177.159,TCP,58912,8080(http-alt),2746661000.0,78.0,0.0,78.0,11019.0,141.269231,137.184199,66.0,395.0,0.0,11019.0,141.269231,141.269231,0.0,137.184199,0.0,66.0,0.0,395.0,35670000.0,57743000.0,3000.0,157629000.0,0.0,2746661000.0,0.0,35670000.0,0.0,57743000.0,0.0,3000.0,0.0,157629000.0,Malicious
138.68.177.159--198.199.96.210--TCP--8080(http-alt)--58640,198.199.96.210,138.68.177.159,TCP,58640,8080(http-alt),2705656000.0,62.0,0.0,62.0,10634.0,171.516129,152.915509,66.0,399.0,0.0,10634.0,171.516129,171.516129,0.0,152.915509,0.0,66.0,0.0,399.0,44355000.0,60792000.0,45000.0,137529000.0,0.0,2705656000.0,0.0,44355000.0,0.0,60792000.0,0.0,45000.0,0.0,137529000.0,Malicious
198.199.96.210--138.68.177.159--TCP--5288--8080(http-alt),138.68.177.159,198.199.96.210,TCP,8080(http-alt),5288,926532000.0,83.0,0.0,83.0,193386.0,2329.951807,1118.803512,66.0,2962.0,0.0,193386.0,2329.951807,2329.951807,0.0,1118.803512,0.0,66.0,0.0,2962.0,11299000.0,34553000.0,1000.0,139535000.0,0.0,926532000.0,0.0,11299000.0,0.0,34553000.0,0.0,1000.0,0.0,139535000.0,Malicious
138.68.177.159--198.199.96.210--TCP--8080(http-alt)--38798,198.199.96.210,138.68.177.159,TCP,38798,8080(http-alt),6426041000.0,51.0,0.0,51.0,17771.0,348.45098,40.173796,66.0,375.0,0.0,17771.0,348.45098,348.45098,0.0,40.173796,0.0,66.0,0.0,375.0,128520000.0,3315000.0,421000.0,140887000.0,0.0,6426041000.0,0.0,128520000.0,0.0,3315000.0,0.0,421000.0,0.0,140887000.0,Malicious
198.199.96.210--138.68.177.159--TCP--58896--8080(http-alt),138.68.177.159,198.199.96.210,TCP,8080(http-alt),58896,926789000.0,83.0,0.0,83.0,193386.0,2329.951807,1118.803512,66.0,2962.0,0.0,193386.0,2329.951807,2329.951807,0.0,1118.803512,0.0,66.0,0.0,2962.0,11302000.0,34573000.0,1000.0,136364000.0,0.0,926789000.0,0.0,11302000.0,0.0,34573000.0,0.0,1000.0,0.0,136364000.0,Malicious
138.68.177.159--198.199.96.210--TCP--8080(http-alt)--38086,198.199.96.210,138.68.177.159,TCP,38086,8080(http-alt),3355923000.0,83.0,0.0,83.0,13630.0,164.216867,149.603657,66.0,396.0,0.0,13630.0,164.216867,164.216867,0.0,149.603657,0.0,66.0,0.0,396.0,40925000.0,59615000.0,3000.0,139172000.0,0.0,3355923000.0,0.0,40925000.0,0.0,59615000.0,0.0,3000.0,0.0,139172000.0,Malicious
138.68.177.159--198.199.96.210--TCP--8080(http-alt)--55086,198.199.96.210,138.68.177.159,TCP,55086,8080(http-alt),3210215000.0,83.0,0.0,83.0,13650.0,164.457831,149.980023,66.0,408.0,0.0,13650.0,164.457831,164.457831,0.0,149.980023,0.0,66.0,0.0,408.0,39148000.0,58988000.0,5000.0,140146000.0,0.0,3210215000.0,0.0,39148000.0,0.0,58988000.0,0.0,5000.0,0.0,140146000.0,Malicious
198.199.96.210--138.68.177.159--TCP--38086--8080(http-alt),138.68.177.159,198.199.96.210,TCP,8080(http-alt),38086,533005000.0,83.0,0.0,83.0,193066.0,2326.096386,1129.907914,103.0,2962.0,0.0,193066.0,2326.096386,2326.096386,0.0,1129.907914,0.0,103.0,0.0,2962.0,6500000.0,28640000.0,3000.0,133779000.0,0.0,533005000.0,0.0,6500000.0,0.0,28640000.0,0.0,3000.0,0.0,133779000.0,Malicious
138.68.177.159--198.199.96.210--TCP--8080(http-alt)--38222,198.199.96.210,138.68.177.159,TCP,38222,8080(http-alt),3997970000.0,83.0,0.0,83.0,15267.0,183.939759,156.766218,66.0,398.0,0.0,15267.0,183.939759,183.939759,0.0,156.766218,0.0,66.0,0.0,398.0,48755000.0,62258000.0,3000.0,133973000.0,0.0,3997970000.0,0.0,48755000.0,0.0,62258000.0,0.0,3000.0,0.0,133973000.0,Malicious
198.199.96.210--138.68.177.159--TCP--50068--8080(http-alt),138.68.177.159,198.199.96.210,TCP,8080(http-alt),50068,546929000.0,83.0,0.0,83.0,193066.0,2326.096386,1129.907914,103.0,2962.0,0.0,193066.0,2326.096386,2326.096386,0.0,1129.907914,0.0,103.0,0.0,2962.0,6669000.0,29416000.0,1000.0,144726000.0,0.0,546929000.0,0.0,6669000.0,0.0,29416000.0,0.0,1000.0,0.0,144726000.0,Malicious
198.199.96.210--138.68.177.159--TCP--40254--8080(http-alt),138.68.177.159,198.199.96.210,TCP,8080(http-alt),40254,533170000.0,83.0,0.0,83.0,193066.0,2326.096386,1129.907914,103.0,2962.0,0.0,193066.0,2326.096386,2326.096386,0.0,1129.907914,0.0,103.0,0.0,2962.0,6502000.0,28635000.0,5000.0,135690000.0,0.0,533170000.0,0.0,6502000.0,0.0,28635000.0,0.0,5000.0,0.0,135690000.0,Malicious
198.199.96.210--138.68.177.159--TCP--38188--8080(http-alt),138.68.177.159,198.199.96.210,TCP,8080(http-alt),38188,535461000.0,83.0,0.0,83.0,193066.0,2326.096386,1129.907914,103.0,2962.0,0.0,193066.0,2326.096386,2326.096386,0.0,1129.907914,0.0,103.0,0.0,2962.0,6530000.0,28785000.0,1000.0,136499000.0,0.0,535461000.0,0.0,6530000.0,0.0,28785000.0,0.0,1000.0,0.0,136499000.0,Malicious
138.68.177.159--198.199.96.210--TCP--8080(http-alt)--43110,198.199.96.210,138.68.177.159,TCP,43110,8080(http-alt),4274460000.0,83.0,0.0,83.0,15964.0,192.337349,159.502032,66.0,400.0,0.0,15964.0,192.337349,192.337349,0.0,159.502032,0.0,66.0,0.0,400.0,52127000.0,63013000.0,10000.0,138013000.0,0.0,4274460000.0,0.0,52127000.0,0.0,63013000.0,0.0,10000.0,0.0,138013000.0,Malicious
138.68.177.159--198.199.96.210--TCP--8080(http-alt)--43052,198.199.96.210,138.68.177.159,TCP,43052,8080(http-alt),4000049000.0,83.0,0.0,83.0,15308.0,184.433735,157.426456,66.0,400.0,0.0,15308.0,184.433735,184.433735,0.0,157.426456,0.0,66.0,0.0,400.0,48781000.0,62447000.0,3000.0,136347000.0,0.0,4000049000.0,0.0,48781000.0,0.0,62447000.0,0.0,3000.0,0.0,136347000.0,Malicious
198.199.96.210--138.68.177.159--TCP--40440--8080(http-alt),138.68.177.159,198.199.96.210,TCP,8080(http-alt),40440,924731000.0,83.0,0.0,83.0,193386.0,2329.951807,1118.803512,66.0,2962.0,0.0,193386.0,2329.951807,2329.951807,0.0,1118.803512,0.0,66.0,0.0,2962.0,11277000.0,34465000.0,1000.0,136802000.0,0.0,924731000.0,0.0,11277000.0,0.0,34465000.0,0.0,1000.0,0.0,136802000.0,Malicious
198.199.96.210--138.68.177.159--TCP--43088--8080(http-alt),138.68.177.159,198.199.96.210,TCP,8080(http-alt),43088,537931000.0,83.0,0.0,83.0,193066.0,2326.096386,1129.907914,103.0,2962.0,0.0,193066.0,2326.096386,2326.096386,0.0,1129.907914,0.0,103.0,0.0,2962.0,6560000.0,28916000.0,0.0,135624000.0,0.0,537931000.0,0.0,6560000.0,0.0,28916000.0,0.0,0.0,0.0,135624000.0,Malicious
138.68.177.159--198.199.96.210--TCP--8080(http-alt)--38324,198.199.96.210,138.68.177.159,TCP,38324,8080(http-alt),3648930000.0,83.0,0.0,83.0,13649.0,164.445783,149.751944,66.0,403.0,0.0,13649.0,164.445783,164.445783,0.0,149.751944,0.0,66.0,0.0,403.0,44499000.0,61327000.0,3000.0,155331000.0,0.0,3648930000.0,0.0,44499000.0,0.0,61327000.0,0.0,3000.0,0.0,155331000.0,Malicious
138.68.177.159--198.199.96.210--TCP--8080(http-alt)--37114,198.199.96.210,138.68.177.159,TCP,37114,8080(http-alt),1919600000.0,54.0,0.0,54.0,7846.0,145.296296,140.491944,66.0,403.0,0.0,7846.0,145.296296,145.296296,0.0,140.491944,0.0,66.0,0.0,403.0,36218000.0,55571000.0,3000.0,139004000.0,0.0,1919600000.0,0.0,36218000.0,0.0,55571000.0,0.0,3000.0,0.0,139004000.0,Malicious
138.68.177.159--198.199.96.210--TCP--8080(http-alt)--50052,198.199.96.210,138.68.177.159,TCP,50052,8080(http-alt),4020666000.0,83.0,0.0,83.0,15590.0,187.831325,157.796637,66.0,397.0,0.0,15590.0,187.831325,187.831325,0.0,157.796637,0.0,66.0,0.0,397.0,49032000.0,62301000.0,8000.0,135599000.0,0.0,4020666000.0,0.0,49032000.0,0.0,62301000.0,0.0,8000.0,0.0,135599000.0,Malicious
198.199.96.210--138.68.177.159--TCP--43284--8080(http-alt),138.68.177.159,198.199.96.210,TCP,8080(http-alt),43284,655247000.0,59.0,0.0,59.0,138077.0,2340.288136,1109.939242,66.0,2962.0,0.0,138077.0,2340.288136,2340.288136,0.0,1109.939242,0.0,66.0,0.0,2962.0,11297000.0,33192000.0,1000.0,132163000.0,0.0,655247000.0,0.0,11297000.0,0.0,33192000.0,0.0,1000.0,0.0,132163000.0,Malicious
198.199.96.210--138.68.177.159--TCP--55106--8080(http-alt),138.68.177.159,198.199.96.210,TCP,8080(http-alt),55106,541984000.0,83.0,0.0,83.0,193066.0,2326.096386,1129.907914,103.0,2962.0,0.0,193066.0,2326.096386,2326.096386,0.0,1129.907914,0.0,103.0,0.0,2962.0,6609000.0,29114000.0,1000.0,135839000.0,0.0,541984000.0,0.0,6609000.0,0.0,29114000.0,0.0,1000.0,0.0,135839000.0,Malicious
138.68.177.159--198.199.96.210--TCP--8080(http-alt)--38774,198.199.96.210,138.68.177.159,TCP,38774,8080(http-alt),6440649000.0,50.0,0.0,50.0,17769.0,355.38,5.106427,348.0,369.0,0.0,17769.0,355.38,355.38,0.0,5.106427,0.0,348.0,0.0,369.0,131441000.0,3013000.0,129620000.0,145262000.0,0.0,6440649000.0,0.0,131441000.0,0.0,3013000.0,0.0,129620000.0,0.0,145262000.0,Malicious
198.199.96.210--138.68.177.159--TCP--43092--8080(http-alt),138.68.177.159,198.199.96.210,TCP,8080(http-alt),43092,531789000.0,83.0,0.0,83.0,193066.0,2326.096386,1129.907914,103.0,2962.0,0.0,193066.0,2326.096386,2326.096386,0.0,1129.907914,0.0,103.0,0.0,2962.0,6485000.0,28586000.0,3000.0,133551000.0,0.0,531789000.0,0.0,6485000.0,0.0,28586000.0,0.0,3000.0,0.0,133551000.0,Malicious
198.199.96.210--138.68.177.159--TCP--36850--8080(http-alt),138.68.177.159,198.199.96.210,TCP,8080(http-alt),36850,537430000.0,83.0,0.0,83.0,195182.0,2351.590361,1078.55842,378.0,2962.0,0.0,195182.0,2351.590361,2351.590361,0.0,1078.55842,0.0,378.0,0.0,2962.0,6554000.0,28882000.0,2000.0,135442000.0,0.0,537430000.0,0.0,6554000.0,0.0,28882000.0,0.0,2000.0,0.0,135442000.0,Malicious
198.199.96.210--138.68.177.159--TCP--50078--8080(http-alt),138.68.177.159,198.199.96.210,TCP,8080(http-alt),50078,542580000.0,83.0,0.0,83.0,193066.0,2326.096386,1129.907914,103.0,2962.0,0.0,193066.0,2326.096386,2326.096386,0.0,1129.907914,0.0,103.0,0.0,2962.0,6616000.0,29170000.0,1000.0,137729000.0,0.0,542580000.0,0.0,6616000.0,0.0,29170000.0,0.0,1000.0,0.0,137729000.0,Malicious
198.199.96.210--138.68.177.159--TCP--38798--8080(http-alt),138.68.177.159,198.199.96.210,TCP,8080(http-alt),38798,6425654000.0,50.0,0.0,50.0,8750.0,175.0,0.0,175.0,175.0,0.0,8750.0,175.0,175.0,0.0,0.0,0.0,175.0,0.0,175.0,131135000.0,2095000.0,129629000.0,140920000.0,0.0,6425654000.0,0.0,131135000.0,0.0,2095000.0,0.0,129629000.0,0.0,140920000.0,Malicious
198.199.96.210--138.68.177.159--TCP--43104--8080(http-alt),138.68.177.159,198.199.96.210,TCP,8080(http-alt),43104,530017000.0,83.0,0.0,83.0,193066.0,2326.096386,1129.907914,103.0,2962.0,0.0,193066.0,2326.096386,2326.096386,0.0,1129.907914,0.0,103.0,0.0,2962.0,6463000.0,28481000.0,4000.0,132885000.0,0.0,530017000.0,0.0,6463000.0,0.0,28481000.0,0.0,4000.0,0.0,132885000.0,Malicious
138.68.177.159--198.199.96.210--TCP--8080(http-alt)--37120,198.199.96.210,138.68.177.159,TCP,37120,8080(http-alt),1608796000.0,48.0,0.0,48.0,6785.0,141.354167,137.817435,66.0,399.0,0.0,6785.0,141.354167,141.354167,0.0,137.817435,0.0,66.0,0.0,399.0,34229000.0,55244000.0,4000.0,135327000.0,0.0,1608796000.0,0.0,34229000.0,0.0,55244000.0,0.0,4000.0,0.0,135327000.0,Malicious
138.68.177.159--198.199.96.210--TCP--8080(http-alt)--55098,198.199.96.210,138.68.177.159,TCP,55098,8080(http-alt),4141869000.0,83.0,0.0,83.0,15564.0,187.518072,157.393939,66.0,396.0,0.0,15564.0,187.518072,187.518072,0.0,157.393939,0.0,66.0,0.0,396.0,50510000.0,62476000.0,4000.0,136331000.0,0.0,4141869000.0,0.0,50510000.0,0.0,62476000.0,0.0,4000.0,0.0,136331000.0,Malicious
198.199.96.210--138.68.177.159--TCP--40432--8080(http-alt),138.68.177.159,198.199.96.210,TCP,8080(http-alt),40432,918737000.0,83.0,0.0,83.0,193386.0,2329.951807,1118.803512,66.0,2962.0,0.0,193386.0,2329.951807,2329.951807,0.0,1118.803512,0.0,66.0,0.0,2962.0,11204000.0,34166000.0,3000.0,132174000.0,0.0,918737000.0,0.0,11204000.0,0.0,34166000.0,0.0,3000.0,0.0,132174000.0,Malicious
198.199.96.210--138.68.177.159--TCP--50302--8080(http-alt),138.68.177.159,198.199.96.210,TCP,8080(http-alt),50302,263901000.0,19.0,0.0,19.0,43566.0,2292.947368,1155.830504,66.0,2962.0,0.0,43566.0,2292.947368,2292.947368,0.0,1155.830504,0.0,66.0,0.0,2962.0,14661000.0,30579000.0,9000.0,132524000.0,0.0,263901000.0,0.0,14661000.0,0.0,30579000.0,0.0,9000.0,0.0,132524000.0,Malicious
198.199.96.210--138.68.177.159--TCP--40384--8080(http-alt),138.68.177.159,198.199.96.210,TCP,8080(http-alt),40384,531002000.0,83.0,0.0,83.0,193066.0,2326.096386,1129.907914,103.0,2962.0,0.0,193066.0,2326.096386,2326.096386,0.0,1129.907914,0.0,103.0,0.0,2962.0,6475000.0,28533000.0,1000.0,133605000.0,0.0,531002000.0,0.0,6475000.0,0.0,28533000.0,0.0,1000.0,0.0,133605000.0,Malicious
198.199.96.210--138.68.177.159--TCP--37100--8080(http-alt),138.68.177.159,198.199.96.210,TCP,8080(http-alt),37100,793154000.0,83.0,0.0,83.0,195190.0,2351.686747,1075.57292,66.0,2962.0,0.0,195190.0,2351.686747,2351.686747,0.0,1075.57292,0.0,66.0,0.0,2962.0,9672000.0,31708000.0,3000.0,134870000.0,0.0,793154000.0,0.0,9672000.0,0.0,31708000.0,0.0,3000.0,0.0,134870000.0,Malicious
138.68.177.159--198.199.96.210--TCP--8080(http-alt)--43076,198.199.96.210,138.68.177.159,TCP,43076,8080(http-alt),4416027000.0,83.0,0.0,83.0,16297.0,196.349398,160.458637,66.0,399.0,0.0,16297.0,196.349398,196.349398,0.0,160.458637,0.0,66.0,0.0,399.0,53853000.0,63447000.0,5000.0,141052000.0,0.0,4416027000.0,0.0,53853000.0,0.0,63447000.0,0.0,5000.0,0.0,141052000.0,Malicious
138.68.177.159--198.199.96.210--TCP--8080(http-alt)--37100,198.199.96.210,138.68.177.159,TCP,37100,8080(http-alt),2877096000.0,66.0,0.0,66.0,10940.0,165.757576,151.042043,66.0,402.0,0.0,10940.0,165.757576,165.757576,0.0,151.042043,0.0,66.0,0.0,402.0,44263000.0,61222000.0,2000.0,150987000.0,0.0,2877096000.0,0.0,44263000.0,0.0,61222000.0,0.0,2000.0,0.0,150987000.0,Malicious
138.68.177.159--198.199.96.210--TCP--8080(http-alt)--55104,198.199.96.210,138.68.177.159,TCP,55104,8080(http-alt),3347251000.0,83.0,0.0,83.0,13983.0,168.46988,151.732988,66.0,408.0,0.0,13983.0,168.46988,168.46988,0.0,151.732988,0.0,66.0,0.0,408.0,40820000.0,60032000.0,5000.0,143742000.0,0.0,3347251000.0,0.0,40820000.0,0.0,60032000.0,0.0,5000.0,0.0,143742000.0,Malicious
138.68.177.159--198.199.96.210--TCP--8080(http-alt)--40460,198.199.96.210,138.68.177.159,TCP,40460,8080(http-alt),1788346000.0,83.0,0.0,83.0,7751.0,93.385542,89.895901,66.0,392.0,0.0,7751.0,93.385542,93.385542,0.0,89.895901,0.0,66.0,0.0,392.0,21809000.0,43976000.0,3000.0,135574000.0,0.0,1788346000.0,0.0,21809000.0,0.0,43976000.0,0.0,3000.0,0.0,135574000.0,Malicious
138.68.177.159--198.199.96.210--TCP--8080(http-alt)--40188,198.199.96.210,138.68.177.159,TCP,40188,8080(http-alt),1735327000.0,36.0,0.0,36.0,6627.0,184.083333,157.089743,66.0,408.0,0.0,6627.0,184.083333,184.083333,0.0,157.089743,0.0,66.0,0.0,408.0,49580000.0,62205000.0,32000.0,134767000.0,0.0,1735327000.0,0.0,49580000.0,0.0,62205000.0,0.0,32000.0,0.0,134767000.0,Malicious
138.68.177.159--198.199.96.210--TCP--8080(http-alt)--58702,198.199.96.210,138.68.177.159,TCP,58702,8080(http-alt),4475936000.0,83.0,0.0,83.0,16593.0,199.915663,160.771948,66.0,401.0,0.0,16593.0,199.915663,199.915663,0.0,160.771948,0.0,66.0,0.0,401.0,54584000.0,63607000.0,3000.0,136819000.0,0.0,4475936000.0,0.0,54584000.0,0.0,63607000.0,0.0,3000.0,0.0,136819000.0,Malicious
198.199.96.210--138.68.177.159--TCP--40180--8080(http-alt),138.68.177.159,198.199.96.210,TCP,8080(http-alt),40180,538615000.0,83.0,0.0,83.0,193066.0,2326.096386,1129.907914,103.0,2962.0,0.0,193066.0,2326.096386,2326.096386,0.0,1129.907914,0.0,103.0,0.0,2962.0,6568000.0,28933000.0,1000.0,134912000.0,0.0,538615000.0,0.0,6568000.0,0.0,28933000.0,0.0,1000.0,0.0,134912000.0,Malicious
